"FlowRunName";"Status";"LocalStartTime";"LocalEndTime";"Trigger Property: AVDTNumber";"Trigger Property: ID_VDL";"Trigger Property: SiteUrl";"FlowRunLink";"FlowError"
"08585023294482834441840516813CU156";"Succeeded";"11/6/2023 2:30:37 PM";"11/6/2023 2:30:37 PM";"AVDT-A2201-KT-7500113720-00010";"1558";"https://tecnimont.sharepoint.com/sites/vdm_A2201";"https://make.powerautomate.com/environments/Default-7cc91888-5aa0-49e5-a836-22cda2eae0fc/flows/180a65e6-5246-4b25-a2f9-35da203a900b/runs/08585023294482834441840516813CU156";"N/A"
"08585023292449978234179911695CU157";"Succeeded";"11/6/2023 2:34:00 PM";"11/6/2023 2:34:00 PM";"AVDT-4300-P4-TCM-7500114756-00015";"38694";"https://tecnimont.sharepoint.com/sites/vdm_43P4";"https://make.powerautomate.com/environments/Default-7cc91888-5aa0-49e5-a836-22cda2eae0fc/flows/180a65e6-5246-4b25-a2f9-35da203a900b/runs/08585023292449978234179911695CU157";"N/A"
"08585023292436707406715038327CU170";"Succeeded";"11/6/2023 2:34:01 PM";"11/6/2023 2:34:02 PM";"AVDT-4300-P4-TCM-7500114756-00015";"38698";"https://tecnimont.sharepoint.com/sites/vdm_43P4";"https://make.powerautomate.com/environments/Default-7cc91888-5aa0-49e5-a836-22cda2eae0fc/flows/180a65e6-5246-4b25-a2f9-35da203a900b/runs/08585023292436707406715038327CU170";"N/A"
"08585023291508338921624484780CU156";"Succeeded";"11/6/2023 2:35:34 PM";"11/6/2023 2:35:35 PM";"AVDT-4300-P4-TCM-7500114756-00016";"38712";"https://tecnimont.sharepoint.com/sites/vdm_43P4";"https://make.powerautomate.com/environments/Default-7cc91888-5aa0-49e5-a836-22cda2eae0fc/flows/180a65e6-5246-4b25-a2f9-35da203a900b/runs/08585023291508338921624484780CU156";"N/A"
"08585023291501298755271942990CU189";"Succeeded";"11/6/2023 2:35:35 PM";"11/6/2023 2:35:35 PM";"AVDT-4300-P4-TCM-7500114756-00016";"38705";"https://tecnimont.sharepoint.com/sites/vdm_43P4";"https://make.powerautomate.com/environments/Default-7cc91888-5aa0-49e5-a836-22cda2eae0fc/flows/180a65e6-5246-4b25-a2f9-35da203a900b/runs/08585023291501298755271942990CU189";"N/A"
"08585023291498720021300477485CU184";"Succeeded";"11/6/2023 2:35:35 PM";"11/6/2023 2:35:35 PM";"AVDT-4300-P4-TCM-7500114756-00016";"38696";"https://tecnimont.sharepoint.com/sites/vdm_43P4";"https://make.powerautomate.com/environments/Default-7cc91888-5aa0-49e5-a836-22cda2eae0fc/flows/180a65e6-5246-4b25-a2f9-35da203a900b/runs/08585023291498720021300477485CU184";"N/A"
"08585023290850345257663084496CU190";"Succeeded";"11/6/2023 2:36:40 PM";"11/6/2023 2:36:40 PM";"AVDT-4300-U4-TCM-7500112968-00014";"24501";"https://tecnimont.sharepoint.com/sites/vdm_43U4";"https://make.powerautomate.com/environments/Default-7cc91888-5aa0-49e5-a836-22cda2eae0fc/flows/180a65e6-5246-4b25-a2f9-35da203a900b/runs/08585023290850345257663084496CU190";"N/A"
"08585023290785971944700847170CU159";"Succeeded";"11/6/2023 2:36:46 PM";"11/6/2023 2:36:47 PM";"AVDT-4300-P4-TCM-7500114756-00017";"38701";"https://tecnimont.sharepoint.com/sites/vdm_43P4";"https://make.powerautomate.com/environments/Default-7cc91888-5aa0-49e5-a836-22cda2eae0fc/flows/180a65e6-5246-4b25-a2f9-35da203a900b/runs/08585023290785971944700847170CU159";"N/A"
"08585023290783605465652716814CU191";"Succeeded";"11/6/2023 2:36:47 PM";"11/6/2023 2:36:47 PM";"AVDT-4300-P4-TCM-7500114756-00017";"38699";"https://tecnimont.sharepoint.com/sites/vdm_43P4";"https://make.powerautomate.com/environments/Default-7cc91888-5aa0-49e5-a836-22cda2eae0fc/flows/180a65e6-5246-4b25-a2f9-35da203a900b/runs/08585023290783605465652716814CU191";"N/A"
"08585023289650377465456380693CU174";"Succeeded";"11/6/2023 2:38:40 PM";"11/6/2023 2:38:40 PM";"AVDT-4300-P4-TCM-7500114756-00018";"38708";"https://tecnimont.sharepoint.com/sites/vdm_43P4";"https://make.powerautomate.com/environments/Default-7cc91888-5aa0-49e5-a836-22cda2eae0fc/flows/180a65e6-5246-4b25-a2f9-35da203a900b/runs/08585023289650377465456380693CU174";"N/A"
"08585023289638945671064665902CU174";"Succeeded";"11/6/2023 2:38:41 PM";"11/6/2023 2:38:42 PM";"AVDT-4300-P4-TCM-7500114756-00018";"38702";"https://tecnimont.sharepoint.com/sites/vdm_43P4";"https://make.powerautomate.com/environments/Default-7cc91888-5aa0-49e5-a836-22cda2eae0fc/flows/180a65e6-5246-4b25-a2f9-35da203a900b/runs/08585023289638945671064665902CU174";"N/A"
"08585023287735129079509448949CU255";"Succeeded";"11/6/2023 2:41:51 PM";"11/6/2023 2:41:52 PM";"AVDT-K461-KT-7500115937-00005";"5634";"https://tecnimont.sharepoint.com/sites/vdm_K461";"https://make.powerautomate.com/environments/Default-7cc91888-5aa0-49e5-a836-22cda2eae0fc/flows/180a65e6-5246-4b25-a2f9-35da203a900b/runs/08585023287735129079509448949CU255";"N/A"
"08585023285532216926472155474CU250";"Succeeded";"11/6/2023 2:45:32 PM";"11/6/2023 2:45:32 PM";"AVDT-K511-KT-7500115018-00029";"4455";"https://tecnimont.sharepoint.com/sites/vdm_4191";"https://make.powerautomate.com/environments/Default-7cc91888-5aa0-49e5-a836-22cda2eae0fc/flows/180a65e6-5246-4b25-a2f9-35da203a900b/runs/08585023285532216926472155474CU250";"N/A"
"08585023283458053351421521202CU252";"Succeeded";"11/6/2023 2:48:59 PM";"11/6/2023 2:49:00 PM";"AVDT-K439-KT-7500116440-00005";"8903";"https://tecnimont.sharepoint.com/sites/vdm_k439";"https://make.powerautomate.com/environments/Default-7cc91888-5aa0-49e5-a836-22cda2eae0fc/flows/180a65e6-5246-4b25-a2f9-35da203a900b/runs/08585023283458053351421521202CU252";"N/A"
"08585023282400611946535815581CU172";"Succeeded";"11/6/2023 2:50:45 PM";"11/6/2023 2:50:45 PM";"AVDT-4300-X4-TCM-7500105613-00481";"9973";"https://tecnimont.sharepoint.com/sites/vdm_43x4";"https://make.powerautomate.com/environments/Default-7cc91888-5aa0-49e5-a836-22cda2eae0fc/flows/180a65e6-5246-4b25-a2f9-35da203a900b/runs/08585023282400611946535815581CU172";"N/A"
"08585023280007715508819211954CU251";"Succeeded";"11/6/2023 2:54:44 PM";"11/6/2023 2:54:45 PM";"AVDT-K439-KT-7500107154-00114";"1956";"https://tecnimont.sharepoint.com/sites/vdm_k439";"https://make.powerautomate.com/environments/Default-7cc91888-5aa0-49e5-a836-22cda2eae0fc/flows/180a65e6-5246-4b25-a2f9-35da203a900b/runs/08585023280007715508819211954CU251";"N/A"
"08585023278273606369427333924CU249";"Succeeded";"11/6/2023 2:57:38 PM";"11/6/2023 2:57:38 PM";"AVDT-4300-P4-TCM-7500105818-00734";"34124";"https://tecnimont.sharepoint.com/sites/vdm_43P4";"https://make.powerautomate.com/environments/Default-7cc91888-5aa0-49e5-a836-22cda2eae0fc/flows/180a65e6-5246-4b25-a2f9-35da203a900b/runs/08585023278273606369427333924CU249";"N/A"
"08585023278271577997132277219CU254";"Succeeded";"11/6/2023 2:57:38 PM";"11/6/2023 2:57:38 PM";"AVDT-4300-P4-TCM-7500105818-00734";"34122";"https://tecnimont.sharepoint.com/sites/vdm_43P4";"https://make.powerautomate.com/environments/Default-7cc91888-5aa0-49e5-a836-22cda2eae0fc/flows/180a65e6-5246-4b25-a2f9-35da203a900b/runs/08585023278271577997132277219CU254";"N/A"
"08585023278270006489682628932CU188";"Succeeded";"11/6/2023 2:57:38 PM";"11/6/2023 2:57:38 PM";"AVDT-4300-P4-TCM-7500105818-00734";"34127";"https://tecnimont.sharepoint.com/sites/vdm_43P4";"https://make.powerautomate.com/environments/Default-7cc91888-5aa0-49e5-a836-22cda2eae0fc/flows/180a65e6-5246-4b25-a2f9-35da203a900b/runs/08585023278270006489682628932CU188";"N/A"
"08585023278269224758364059622CU153";"Succeeded";"11/6/2023 2:57:38 PM";"11/6/2023 2:57:38 PM";"AVDT-4300-P4-TCM-7500105501-00346";"38150";"https://tecnimont.sharepoint.com/sites/vdm_43P4";"https://make.powerautomate.com/environments/Default-7cc91888-5aa0-49e5-a836-22cda2eae0fc/flows/180a65e6-5246-4b25-a2f9-35da203a900b/runs/08585023278269224758364059622CU153";"N/A"
"08585023278262715344624946518CU158";"Succeeded";"11/6/2023 2:57:39 PM";"11/6/2023 2:57:39 PM";"AVDT-4300-P4-TCM-7500105818-00734";"38154";"https://tecnimont.sharepoint.com/sites/vdm_43P4";"https://make.powerautomate.com/environments/Default-7cc91888-5aa0-49e5-a836-22cda2eae0fc/flows/180a65e6-5246-4b25-a2f9-35da203a900b/runs/08585023278262715344624946518CU158";"N/A"
"08585023278240231474096567686CU154";"Succeeded";"11/6/2023 2:57:41 PM";"11/6/2023 2:57:42 PM";"AVDT-4300-P4-TCM-7500105818-00735";"38155";"https://tecnimont.sharepoint.com/sites/vdm_43P4";"https://make.powerautomate.com/environments/Default-7cc91888-5aa0-49e5-a836-22cda2eae0fc/flows/180a65e6-5246-4b25-a2f9-35da203a900b/runs/08585023278240231474096567686CU154";"N/A"
"08585023278140367821811496031CU187";"Succeeded";"11/6/2023 2:57:51 PM";"11/6/2023 2:57:51 PM";"AVDT-K439-KT-7500108818-00045";"4303";"https://tecnimont.sharepoint.com/sites/vdm_k439";"https://make.powerautomate.com/environments/Default-7cc91888-5aa0-49e5-a836-22cda2eae0fc/flows/180a65e6-5246-4b25-a2f9-35da203a900b/runs/08585023278140367821811496031CU187";"N/A"
"08585023277669500310554454717CU153";"Succeeded";"11/6/2023 2:58:38 PM";"11/6/2023 2:58:38 PM";"AVDT-4274-TCM-7500105771-00125";"36759";"https://tecnimont.sharepoint.com/sites/vdm_4274";"https://make.powerautomate.com/environments/Default-7cc91888-5aa0-49e5-a836-22cda2eae0fc/flows/180a65e6-5246-4b25-a2f9-35da203a900b/runs/08585023277669500310554454717CU153";"N/A"
"08585023277561607147511103533CU155";"Succeeded";"11/6/2023 2:58:49 PM";"11/6/2023 2:58:49 PM";"AVDT-4300-P4-TCM-7500105818-00736";"34126";"https://tecnimont.sharepoint.com/sites/vdm_43P4";"https://make.powerautomate.com/environments/Default-7cc91888-5aa0-49e5-a836-22cda2eae0fc/flows/180a65e6-5246-4b25-a2f9-35da203a900b/runs/08585023277561607147511103533CU155";"N/A"
"08585023277341591718684918177CU187";"Succeeded";"11/6/2023 2:59:11 PM";"11/6/2023 2:59:11 PM";"AVDT-4325-TCM-7500109181-00032";"14745";"https://tecnimont.sharepoint.com/sites/vdm_4325";"https://make.powerautomate.com/environments/Default-7cc91888-5aa0-49e5-a836-22cda2eae0fc/flows/180a65e6-5246-4b25-a2f9-35da203a900b/runs/08585023277341591718684918177CU187";"N/A"
"08585023275462742554182549445CU250";"Succeeded";"11/6/2023 3:02:19 PM";"11/6/2023 3:02:20 PM";"AVDT-4300-P4-TCM-7500105101-00185";"37800";"https://tecnimont.sharepoint.com/sites/vdm_43P4";"https://make.powerautomate.com/environments/Default-7cc91888-5aa0-49e5-a836-22cda2eae0fc/flows/180a65e6-5246-4b25-a2f9-35da203a900b/runs/08585023275462742554182549445CU250";"N/A"
"08585023275462545554841696103CU184";"Succeeded";"11/6/2023 3:02:19 PM";"11/6/2023 3:02:19 PM";"AVDT-4300-P4-TCM-7500105101-00185";"37798";"https://tecnimont.sharepoint.com/sites/vdm_43P4";"https://make.powerautomate.com/environments/Default-7cc91888-5aa0-49e5-a836-22cda2eae0fc/flows/180a65e6-5246-4b25-a2f9-35da203a900b/runs/08585023275462545554841696103CU184";"N/A"
"08585023275458384396457904627CU157";"Succeeded";"11/6/2023 3:02:19 PM";"11/6/2023 3:02:19 PM";"AVDT-4300-P4-TCM-7500105101-00185";"37799";"https://tecnimont.sharepoint.com/sites/vdm_43P4";"https://make.powerautomate.com/environments/Default-7cc91888-5aa0-49e5-a836-22cda2eae0fc/flows/180a65e6-5246-4b25-a2f9-35da203a900b/runs/08585023275458384396457904627CU157";"N/A"
"08585023274631873516225795150CU172";"Succeeded";"11/6/2023 3:03:42 PM";"11/6/2023 3:03:42 PM";"AVDT-K439-KT-7500110968-00031";"7793";"https://tecnimont.sharepoint.com/sites/vdm_k439";"https://make.powerautomate.com/environments/Default-7cc91888-5aa0-49e5-a836-22cda2eae0fc/flows/180a65e6-5246-4b25-a2f9-35da203a900b/runs/08585023274631873516225795150CU172";"N/A"
"08585023273460981869462341327CU171";"Succeeded";"11/6/2023 3:05:39 PM";"11/6/2023 3:05:39 PM";"AVDT-A2201-KT-7500114709-00011";"2182";"https://tecnimont.sharepoint.com/sites/vdm_A2201";"https://make.powerautomate.com/environments/Default-7cc91888-5aa0-49e5-a836-22cda2eae0fc/flows/180a65e6-5246-4b25-a2f9-35da203a900b/runs/08585023273460981869462341327CU171";"N/A"
"08585023271229304873581847506CU188";"Succeeded";"11/6/2023 3:09:22 PM";"11/6/2023 3:09:22 PM";"AVDT-K475-TCM-7500113769-00011";"1341";"https://tecnimont.sharepoint.com/sites/vdm_K475";"https://make.powerautomate.com/environments/Default-7cc91888-5aa0-49e5-a836-22cda2eae0fc/flows/180a65e6-5246-4b25-a2f9-35da203a900b/runs/08585023271229304873581847506CU188";"N/A"
"08585023271210061166956204445CU188";"Succeeded";"11/6/2023 3:09:24 PM";"11/6/2023 3:09:24 PM";"AVDT-4355-TCM-7500116106-00001";"13819";"https://tecnimont.sharepoint.com/sites/vdm_4355";"https://make.powerautomate.com/environments/Default-7cc91888-5aa0-49e5-a836-22cda2eae0fc/flows/180a65e6-5246-4b25-a2f9-35da203a900b/runs/08585023271210061166956204445CU188";"N/A"
"08585023269155008925049429999CU186";"Succeeded";"11/6/2023 3:12:49 PM";"11/6/2023 3:12:50 PM";"AVDT-4355-TCM-7500110148-00117";"1356";"https://tecnimont.sharepoint.com/sites/vdm_4355";"https://make.powerautomate.com/environments/Default-7cc91888-5aa0-49e5-a836-22cda2eae0fc/flows/180a65e6-5246-4b25-a2f9-35da203a900b/runs/08585023269155008925049429999CU186";"N/A"
"08585023264907797365608208868CU190";"Succeeded";"11/6/2023 3:19:54 PM";"11/6/2023 3:19:55 PM";"AVDT-4300-U4-TCM-7500111335-00029";"19299";"https://tecnimont.sharepoint.com/sites/vdm_43U4";"https://make.powerautomate.com/environments/Default-7cc91888-5aa0-49e5-a836-22cda2eae0fc/flows/180a65e6-5246-4b25-a2f9-35da203a900b/runs/08585023264907797365608208868CU190";"N/A"
"08585023264387305958140350247CU171";"Succeeded";"11/6/2023 3:20:46 PM";"11/6/2023 3:20:47 PM";"AVDT-A2201-KT-7500110758-00057";"2133";"https://tecnimont.sharepoint.com/sites/vdm_A2201";"https://make.powerautomate.com/environments/Default-7cc91888-5aa0-49e5-a836-22cda2eae0fc/flows/180a65e6-5246-4b25-a2f9-35da203a900b/runs/08585023264387305958140350247CU171";"N/A"
"08585023263264525436493171170CU158";"Succeeded";"11/6/2023 3:22:39 PM";"11/6/2023 3:22:39 PM";"AVDT-A2201-KT-7500114801-00010";"2110";"https://tecnimont.sharepoint.com/sites/vdm_A2201";"https://make.powerautomate.com/environments/Default-7cc91888-5aa0-49e5-a836-22cda2eae0fc/flows/180a65e6-5246-4b25-a2f9-35da203a900b/runs/08585023263264525436493171170CU158";"N/A"
"08585023261927177246861667746CU187";"Succeeded";"11/6/2023 3:24:52 PM";"11/6/2023 3:24:53 PM";"AVDT-K475-TCM-7500112855-00120";"2052";"https://tecnimont.sharepoint.com/sites/vdm_K475";"https://make.powerautomate.com/environments/Default-7cc91888-5aa0-49e5-a836-22cda2eae0fc/flows/180a65e6-5246-4b25-a2f9-35da203a900b/runs/08585023261927177246861667746CU187";"N/A"
"08585023261785125260068578711CU155";"Succeeded";"11/6/2023 3:25:06 PM";"11/6/2023 3:25:07 PM";"AVDT-4300-U4-TCM-7500111327-00011";"13120";"https://tecnimont.sharepoint.com/sites/vdm_43U4";"https://make.powerautomate.com/environments/Default-7cc91888-5aa0-49e5-a836-22cda2eae0fc/flows/180a65e6-5246-4b25-a2f9-35da203a900b/runs/08585023261785125260068578711CU155";"N/A"
"08585023260395582683012936571CU253";"Succeeded";"11/6/2023 3:27:25 PM";"11/6/2023 3:27:26 PM";"AVDT-K481-KT-7500112451-00036";"1789";"https://tecnimont.sharepoint.com/sites/vdm_K481";"https://make.powerautomate.com/environments/Default-7cc91888-5aa0-49e5-a836-22cda2eae0fc/flows/180a65e6-5246-4b25-a2f9-35da203a900b/runs/08585023260395582683012936571CU253";"N/A"
"08585023260388361511669041284CU174";"Succeeded";"11/6/2023 3:27:26 PM";"11/6/2023 3:27:27 PM";"AVDT-K481-KT-7500112451-00036";"1792";"https://tecnimont.sharepoint.com/sites/vdm_K481";"https://make.powerautomate.com/environments/Default-7cc91888-5aa0-49e5-a836-22cda2eae0fc/flows/180a65e6-5246-4b25-a2f9-35da203a900b/runs/08585023260388361511669041284CU174";"N/A"
"08585023260387559298621214308CU156";"Succeeded";"11/6/2023 3:27:26 PM";"11/6/2023 3:27:26 PM";"AVDT-K481-KT-7500112451-00036";"1791";"https://tecnimont.sharepoint.com/sites/vdm_K481";"https://make.powerautomate.com/environments/Default-7cc91888-5aa0-49e5-a836-22cda2eae0fc/flows/180a65e6-5246-4b25-a2f9-35da203a900b/runs/08585023260387559298621214308CU156";"N/A"
"08585023260383630296339351576CU250";"Succeeded";"11/6/2023 3:27:27 PM";"11/6/2023 3:27:27 PM";"AVDT-K481-KT-7500112451-00036";"1790";"https://tecnimont.sharepoint.com/sites/vdm_K481";"https://make.powerautomate.com/environments/Default-7cc91888-5aa0-49e5-a836-22cda2eae0fc/flows/180a65e6-5246-4b25-a2f9-35da203a900b/runs/08585023260383630296339351576CU250";"N/A"
"08585023259517169532930278190CU186";"Succeeded";"11/6/2023 3:28:53 PM";"11/6/2023 3:28:54 PM";"AVDT-4300-U4-TCM-7500107546-00025";"17128";"https://tecnimont.sharepoint.com/sites/vdm_43U4";"https://make.powerautomate.com/environments/Default-7cc91888-5aa0-49e5-a836-22cda2eae0fc/flows/180a65e6-5246-4b25-a2f9-35da203a900b/runs/08585023259517169532930278190CU186";"N/A"
"08585023258985208449126057079CU170";"Succeeded";"11/6/2023 3:29:46 PM";"11/6/2023 3:29:47 PM";"AVDT-4325-TCM-7500112264-00038";"14959";"https://tecnimont.sharepoint.com/sites/vdm_4325";"https://make.powerautomate.com/environments/Default-7cc91888-5aa0-49e5-a836-22cda2eae0fc/flows/180a65e6-5246-4b25-a2f9-35da203a900b/runs/08585023258985208449126057079CU170";"N/A"
"08585023258294745843448309792CU170";"Succeeded";"11/6/2023 3:30:56 PM";"11/6/2023 3:30:56 PM";"AVDT-4325-TCM-7500106994-00275";"14863";"https://tecnimont.sharepoint.com/sites/vdm_4325";"https://make.powerautomate.com/environments/Default-7cc91888-5aa0-49e5-a836-22cda2eae0fc/flows/180a65e6-5246-4b25-a2f9-35da203a900b/runs/08585023258294745843448309792CU170";"N/A"
"08585023258236452175459775211CU191";"Succeeded";"11/6/2023 3:31:01 PM";"11/6/2023 3:31:02 PM";"AVDT-4325-TCM-7500106994-00276";"15703";"https://tecnimont.sharepoint.com/sites/vdm_4325";"https://make.powerautomate.com/environments/Default-7cc91888-5aa0-49e5-a836-22cda2eae0fc/flows/180a65e6-5246-4b25-a2f9-35da203a900b/runs/08585023258236452175459775211CU191";"N/A"
"08585023256034295358975312719CU172";"Succeeded";"11/6/2023 3:34:42 PM";"11/6/2023 3:34:42 PM";"AVDT-4355-TCM-7500113460-00099";"9349";"https://tecnimont.sharepoint.com/sites/vdm_4355";"https://make.powerautomate.com/environments/Default-7cc91888-5aa0-49e5-a836-22cda2eae0fc/flows/180a65e6-5246-4b25-a2f9-35da203a900b/runs/08585023256034295358975312719CU172";"N/A"
"08585023250462083343887487169CU189";"Succeeded";"11/6/2023 3:43:59 PM";"11/6/2023 3:43:59 PM";"AVDT-4300-U4-TCM-7500110526-00054";"17227";"https://tecnimont.sharepoint.com/sites/vdm_43U4";"https://make.powerautomate.com/environments/Default-7cc91888-5aa0-49e5-a836-22cda2eae0fc/flows/180a65e6-5246-4b25-a2f9-35da203a900b/runs/08585023250462083343887487169CU189";"N/A"
"08585023250453572100234625329CU248";"Succeeded";"11/6/2023 3:44:00 PM";"11/6/2023 3:44:00 PM";"AVDT-4300-U4-TCM-7500110526-00054";"17228";"https://tecnimont.sharepoint.com/sites/vdm_43U4";"https://make.powerautomate.com/environments/Default-7cc91888-5aa0-49e5-a836-22cda2eae0fc/flows/180a65e6-5246-4b25-a2f9-35da203a900b/runs/08585023250453572100234625329CU248";"N/A"
"08585023248874416476855646458CU188";"Succeeded";"11/6/2023 3:46:38 PM";"11/6/2023 3:46:38 PM";"AVDT-4305-TCM-7500105691-00192";"18979";"https://tecnimont.sharepoint.com/sites/vdm_4305";"https://make.powerautomate.com/environments/Default-7cc91888-5aa0-49e5-a836-22cda2eae0fc/flows/180a65e6-5246-4b25-a2f9-35da203a900b/runs/08585023248874416476855646458CU188";"N/A"
"08585023248869771512851969364CU250";"Succeeded";"11/6/2023 3:46:38 PM";"11/6/2023 3:46:39 PM";"AVDT-4305-TCM-7500107687-00032";"7619";"https://tecnimont.sharepoint.com/sites/vdm_4305";"https://make.powerautomate.com/environments/Default-7cc91888-5aa0-49e5-a836-22cda2eae0fc/flows/180a65e6-5246-4b25-a2f9-35da203a900b/runs/08585023248869771512851969364CU250";"N/A"
"08585023248217185351263305262CU170";"Succeeded";"11/6/2023 3:47:43 PM";"11/6/2023 3:47:44 PM";"AVDT-K475-TCM-7500114561-00007";"1908";"https://tecnimont.sharepoint.com/sites/vdm_K475";"https://make.powerautomate.com/environments/Default-7cc91888-5aa0-49e5-a836-22cda2eae0fc/flows/180a65e6-5246-4b25-a2f9-35da203a900b/runs/08585023248217185351263305262CU170";"N/A"
"08585023248165735391634770751CU168";"Succeeded";"11/6/2023 3:47:48 PM";"11/6/2023 3:47:49 PM";"AVDT-4305-TCM-7500105691-00193";"19607";"https://tecnimont.sharepoint.com/sites/vdm_4305";"https://make.powerautomate.com/environments/Default-7cc91888-5aa0-49e5-a836-22cda2eae0fc/flows/180a65e6-5246-4b25-a2f9-35da203a900b/runs/08585023248165735391634770751CU168";"N/A"
"08585023248156136278680007009CU253";"Succeeded";"11/6/2023 3:47:49 PM";"11/6/2023 3:47:50 PM";"AVDT-4305-TCM-7500107167-00136";"19250";"https://tecnimont.sharepoint.com/sites/vdm_4305";"https://make.powerautomate.com/environments/Default-7cc91888-5aa0-49e5-a836-22cda2eae0fc/flows/180a65e6-5246-4b25-a2f9-35da203a900b/runs/08585023248156136278680007009CU253";"N/A"
"08585023247374563458307421403CU255";"Succeeded";"11/6/2023 3:49:08 PM";"11/6/2023 3:49:08 PM";"AVDT-4300-U4-TCM-7500112443-00015";"24849";"https://tecnimont.sharepoint.com/sites/vdm_43U4";"https://make.powerautomate.com/environments/Default-7cc91888-5aa0-49e5-a836-22cda2eae0fc/flows/180a65e6-5246-4b25-a2f9-35da203a900b/runs/08585023247374563458307421403CU255";"N/A"
"08585023245718278809981895725CU185";"Succeeded";"11/6/2023 3:51:53 PM";"11/6/2023 3:51:54 PM";"AVDT-4300-U4-TCM-7500112443-00016";"24075";"https://tecnimont.sharepoint.com/sites/vdm_43U4";"https://make.powerautomate.com/environments/Default-7cc91888-5aa0-49e5-a836-22cda2eae0fc/flows/180a65e6-5246-4b25-a2f9-35da203a900b/runs/08585023245718278809981895725CU185";"N/A"
"08585023245313809009745291511CU185";"Succeeded";"11/6/2023 3:52:34 PM";"11/6/2023 3:52:34 PM";"AVDT-4245-TCM-7500101866-00643";"43845";"https://tecnimont.sharepoint.com/sites/vdm_4245";"https://make.powerautomate.com/environments/Default-7cc91888-5aa0-49e5-a836-22cda2eae0fc/flows/180a65e6-5246-4b25-a2f9-35da203a900b/runs/08585023245313809009745291511CU185";"N/A"
"08585023245131755795800865045CU171";"Succeeded";"11/6/2023 3:52:52 PM";"11/6/2023 3:52:52 PM";"AVDT-K461-KT-7500115152-00003";"5538";"https://tecnimont.sharepoint.com/sites/vdm_K461";"https://make.powerautomate.com/environments/Default-7cc91888-5aa0-49e5-a836-22cda2eae0fc/flows/180a65e6-5246-4b25-a2f9-35da203a900b/runs/08585023245131755795800865045CU171";"N/A"
"08585023244487674595807631339CU187";"Succeeded";"11/6/2023 3:53:56 PM";"11/6/2023 3:53:57 PM";"AVDT-4305-TCM-7500108374-00163";"19279";"https://tecnimont.sharepoint.com/sites/vdm_4305";"https://make.powerautomate.com/environments/Default-7cc91888-5aa0-49e5-a836-22cda2eae0fc/flows/180a65e6-5246-4b25-a2f9-35da203a900b/runs/08585023244487674595807631339CU187";"N/A"
"08585023242650669708944619500CU190";"Succeeded";"11/6/2023 3:57:00 PM";"11/6/2023 3:57:00 PM";"AVDT-4305-TCM-7500107687-00033";"7621";"https://tecnimont.sharepoint.com/sites/vdm_4305";"https://make.powerautomate.com/environments/Default-7cc91888-5aa0-49e5-a836-22cda2eae0fc/flows/180a65e6-5246-4b25-a2f9-35da203a900b/runs/08585023242650669708944619500CU190";"N/A"
"08585023242648259520690218958CU173";"Succeeded";"11/6/2023 3:57:00 PM";"11/6/2023 3:57:01 PM";"AVDT-4305-TCM-7500107687-00033";"7623";"https://tecnimont.sharepoint.com/sites/vdm_4305";"https://make.powerautomate.com/environments/Default-7cc91888-5aa0-49e5-a836-22cda2eae0fc/flows/180a65e6-5246-4b25-a2f9-35da203a900b/runs/08585023242648259520690218958CU173";"N/A"
"08585023242646502615532468174CU191";"Succeeded";"11/6/2023 3:57:00 PM";"11/6/2023 3:57:01 PM";"AVDT-4305-TCM-7500107687-00033";"7625";"https://tecnimont.sharepoint.com/sites/vdm_4305";"https://make.powerautomate.com/environments/Default-7cc91888-5aa0-49e5-a836-22cda2eae0fc/flows/180a65e6-5246-4b25-a2f9-35da203a900b/runs/08585023242646502615532468174CU191";"N/A"
"08585023240640714413827146684CU184";"Succeeded";"11/6/2023 4:00:21 PM";"11/6/2023 4:00:22 PM";"AVDT-K461-KT-7500115097-00006";"5157";"https://tecnimont.sharepoint.com/sites/vdm_K461";"https://make.powerautomate.com/environments/Default-7cc91888-5aa0-49e5-a836-22cda2eae0fc/flows/180a65e6-5246-4b25-a2f9-35da203a900b/runs/08585023240640714413827146684CU184";"N/A"
"08585023240246630660875509218CU255";"Succeeded";"11/6/2023 4:01:00 PM";"11/6/2023 4:01:01 PM";"AVDT-4300-P4-TCM-7500108837-00140";"42431";"https://tecnimont.sharepoint.com/sites/vdm_43P4";"https://make.powerautomate.com/environments/Default-7cc91888-5aa0-49e5-a836-22cda2eae0fc/flows/180a65e6-5246-4b25-a2f9-35da203a900b/runs/08585023240246630660875509218CU255";"N/A"
"08585023240244581305130279114CU157";"Succeeded";"11/6/2023 4:01:01 PM";"11/6/2023 4:01:02 PM";"AVDT-4300-P4-TCM-7500108837-00140";"42433";"https://tecnimont.sharepoint.com/sites/vdm_43P4";"https://make.powerautomate.com/environments/Default-7cc91888-5aa0-49e5-a836-22cda2eae0fc/flows/180a65e6-5246-4b25-a2f9-35da203a900b/runs/08585023240244581305130279114CU157";"N/A"
"08585023240197653057984681632CU159";"Succeeded";"11/6/2023 4:01:05 PM";"11/6/2023 4:01:06 PM";"AVDT-4300-P4-TCM-7500108837-00141";"42430";"https://tecnimont.sharepoint.com/sites/vdm_43P4";"https://make.powerautomate.com/environments/Default-7cc91888-5aa0-49e5-a836-22cda2eae0fc/flows/180a65e6-5246-4b25-a2f9-35da203a900b/runs/08585023240197653057984681632CU159";"N/A"
"08585023238167013167544117605CU249";"Succeeded";"11/6/2023 4:04:28 PM";"11/6/2023 4:04:29 PM";"AVDT-4300-X4-TCM-7500116006-00004";"10472";"https://tecnimont.sharepoint.com/sites/vdm_43x4";"https://make.powerautomate.com/environments/Default-7cc91888-5aa0-49e5-a836-22cda2eae0fc/flows/180a65e6-5246-4b25-a2f9-35da203a900b/runs/08585023238167013167544117605CU249";"N/A"
"08585023237139225521248356469CU254";"Succeeded";"11/6/2023 4:06:11 PM";"11/6/2023 4:06:11 PM";"AVDT-A2201-KT-7500115521-00004";"2109";"https://tecnimont.sharepoint.com/sites/vdm_A2201";"https://make.powerautomate.com/environments/Default-7cc91888-5aa0-49e5-a836-22cda2eae0fc/flows/180a65e6-5246-4b25-a2f9-35da203a900b/runs/08585023237139225521248356469CU254";"N/A"
"08585023235304347019314007296CU187";"Succeeded";"11/6/2023 4:09:15 PM";"11/6/2023 4:09:15 PM";"AVDT-4300-X4-TCM-7500111348-00086";"10298";"https://tecnimont.sharepoint.com/sites/vdm_43x4";"https://make.powerautomate.com/environments/Default-7cc91888-5aa0-49e5-a836-22cda2eae0fc/flows/180a65e6-5246-4b25-a2f9-35da203a900b/runs/08585023235304347019314007296CU187";"N/A"
"08585023234327179743909504533CU248";"Succeeded";"11/6/2023 4:10:52 PM";"11/6/2023 4:10:53 PM";"AVDT-4285-TCM-7500113635-00013";"1345";"https://tecnimont.sharepoint.com/sites/vdm_4285";"https://make.powerautomate.com/environments/Default-7cc91888-5aa0-49e5-a836-22cda2eae0fc/flows/180a65e6-5246-4b25-a2f9-35da203a900b/runs/08585023234327179743909504533CU248";"N/A"
"08585023234326654718970848014CU175";"Succeeded";"11/6/2023 4:10:52 PM";"11/6/2023 4:10:53 PM";"AVDT-4285-TCM-7500113650-00012";"1427";"https://tecnimont.sharepoint.com/sites/vdm_4285";"https://make.powerautomate.com/environments/Default-7cc91888-5aa0-49e5-a836-22cda2eae0fc/flows/180a65e6-5246-4b25-a2f9-35da203a900b/runs/08585023234326654718970848014CU175";"N/A"
"08585023234137247211459267377CU157";"Succeeded";"11/6/2023 4:11:11 PM";"11/6/2023 4:11:12 PM";"AVDT-K461-KT-7500110596-00186";"1592";"https://tecnimont.sharepoint.com/sites/vdm_K461";"https://make.powerautomate.com/environments/Default-7cc91888-5aa0-49e5-a836-22cda2eae0fc/flows/180a65e6-5246-4b25-a2f9-35da203a900b/runs/08585023234137247211459267377CU157";"N/A"
"08585023231619473356533698125CU250";"Succeeded";"11/6/2023 4:15:23 PM";"11/6/2023 4:15:23 PM";"AVDT-K461-KT-7500110596-00187";"1592";"https://tecnimont.sharepoint.com/sites/vdm_K461";"https://make.powerautomate.com/environments/Default-7cc91888-5aa0-49e5-a836-22cda2eae0fc/flows/180a65e6-5246-4b25-a2f9-35da203a900b/runs/08585023231619473356533698125CU250";"N/A"
"08585023230385959419380635558CU248";"Succeeded";"11/6/2023 4:17:26 PM";"11/6/2023 4:17:27 PM";"AVDT-K461-KT-7500110596-00188";"1607";"https://tecnimont.sharepoint.com/sites/vdm_K461";"https://make.powerautomate.com/environments/Default-7cc91888-5aa0-49e5-a836-22cda2eae0fc/flows/180a65e6-5246-4b25-a2f9-35da203a900b/runs/08585023230385959419380635558CU248";"N/A"
"08585023227914892224084102150CU168";"Succeeded";"11/6/2023 4:21:33 PM";"11/6/2023 4:21:34 PM";"AVDT-4300-X4-TCM-7500111348-00087";"9187";"https://tecnimont.sharepoint.com/sites/vdm_43x4";"https://make.powerautomate.com/environments/Default-7cc91888-5aa0-49e5-a836-22cda2eae0fc/flows/180a65e6-5246-4b25-a2f9-35da203a900b/runs/08585023227914892224084102150CU168";"N/A"
"08585023227753188418646693578CU175";"Succeeded";"11/6/2023 4:21:50 PM";"11/6/2023 4:21:50 PM";"AVDT-4300-P4-TCM-7500108837-00142";"42432";"https://tecnimont.sharepoint.com/sites/vdm_43P4";"https://make.powerautomate.com/environments/Default-7cc91888-5aa0-49e5-a836-22cda2eae0fc/flows/180a65e6-5246-4b25-a2f9-35da203a900b/runs/08585023227753188418646693578CU175";"N/A"
"08585023227752596355242363897CU252";"Succeeded";"11/6/2023 4:21:50 PM";"11/6/2023 4:21:50 PM";"AVDT-4300-P4-TCM-7500108837-00142";"42434";"https://tecnimont.sharepoint.com/sites/vdm_43P4";"https://make.powerautomate.com/environments/Default-7cc91888-5aa0-49e5-a836-22cda2eae0fc/flows/180a65e6-5246-4b25-a2f9-35da203a900b/runs/08585023227752596355242363897CU252";"N/A"
"08585023227746722783181754247CU169";"Succeeded";"11/6/2023 4:21:50 PM";"11/6/2023 4:21:51 PM";"AVDT-4300-P4-TCM-7500108837-00142";"42435";"https://tecnimont.sharepoint.com/sites/vdm_43P4";"https://make.powerautomate.com/environments/Default-7cc91888-5aa0-49e5-a836-22cda2eae0fc/flows/180a65e6-5246-4b25-a2f9-35da203a900b/runs/08585023227746722783181754247CU169";"N/A"
"08585023227744138284445359682CU186";"Succeeded";"11/6/2023 4:21:51 PM";"11/6/2023 4:21:51 PM";"AVDT-4300-P4-TCM-7500108837-00142";"42436";"https://tecnimont.sharepoint.com/sites/vdm_43P4";"https://make.powerautomate.com/environments/Default-7cc91888-5aa0-49e5-a836-22cda2eae0fc/flows/180a65e6-5246-4b25-a2f9-35da203a900b/runs/08585023227744138284445359682CU186";"N/A"
"08585023227742721034997899244CU175";"Succeeded";"11/6/2023 4:21:51 PM";"11/6/2023 4:21:51 PM";"AVDT-4300-P4-TCM-7500108837-00142";"42437";"https://tecnimont.sharepoint.com/sites/vdm_43P4";"https://make.powerautomate.com/environments/Default-7cc91888-5aa0-49e5-a836-22cda2eae0fc/flows/180a65e6-5246-4b25-a2f9-35da203a900b/runs/08585023227742721034997899244CU175";"N/A"
"08585023227741640519784288318CU255";"Succeeded";"11/6/2023 4:21:51 PM";"11/6/2023 4:21:51 PM";"AVDT-4300-P4-TCM-7500108837-00142";"42440";"https://tecnimont.sharepoint.com/sites/vdm_43P4";"https://make.powerautomate.com/environments/Default-7cc91888-5aa0-49e5-a836-22cda2eae0fc/flows/180a65e6-5246-4b25-a2f9-35da203a900b/runs/08585023227741640519784288318CU255";"N/A"
"08585023227740354847424706176CU248";"Succeeded";"11/6/2023 4:21:51 PM";"11/6/2023 4:21:51 PM";"AVDT-4300-P4-TCM-7500108837-00142";"42439";"https://tecnimont.sharepoint.com/sites/vdm_43P4";"https://make.powerautomate.com/environments/Default-7cc91888-5aa0-49e5-a836-22cda2eae0fc/flows/180a65e6-5246-4b25-a2f9-35da203a900b/runs/08585023227740354847424706176CU248";"N/A"
"08585023225664415195237883456CU175";"Succeeded";"11/6/2023 4:25:19 PM";"11/6/2023 4:25:19 PM";"AVDT-4300-U4-TCM-7500110526-00055";"14419";"https://tecnimont.sharepoint.com/sites/vdm_43U4";"https://make.powerautomate.com/environments/Default-7cc91888-5aa0-49e5-a836-22cda2eae0fc/flows/180a65e6-5246-4b25-a2f9-35da203a900b/runs/08585023225664415195237883456CU175";"N/A"
"08585023224075349177685173190CU190";"Succeeded";"11/6/2023 4:27:57 PM";"11/6/2023 4:27:58 PM";"AVDT-4300-X4-TCM-7500111348-00088";"10296";"https://tecnimont.sharepoint.com/sites/vdm_43x4";"https://make.powerautomate.com/environments/Default-7cc91888-5aa0-49e5-a836-22cda2eae0fc/flows/180a65e6-5246-4b25-a2f9-35da203a900b/runs/08585023224075349177685173190CU190";"N/A"
"08585023223610657409200639855CU249";"Succeeded";"11/6/2023 4:28:44 PM";"11/6/2023 4:28:44 PM";"AVDT-4305-TCM-7500106242-00167";"18096";"https://tecnimont.sharepoint.com/sites/vdm_4305";"https://make.powerautomate.com/environments/Default-7cc91888-5aa0-49e5-a836-22cda2eae0fc/flows/180a65e6-5246-4b25-a2f9-35da203a900b/runs/08585023223610657409200639855CU249";"N/A"
"08585023222408088797946826301CU158";"Succeeded";"11/6/2023 4:30:44 PM";"11/6/2023 4:30:45 PM";"AVDT-4300-P4-TCM-7500108837-00143";"42438";"https://tecnimont.sharepoint.com/sites/vdm_43P4";"https://make.powerautomate.com/environments/Default-7cc91888-5aa0-49e5-a836-22cda2eae0fc/flows/180a65e6-5246-4b25-a2f9-35da203a900b/runs/08585023222408088797946826301CU158";"N/A"
"08585023222404906577211346324CU157";"Succeeded";"11/6/2023 4:30:44 PM";"11/6/2023 4:30:45 PM";"AVDT-4300-P4-TCM-7500108837-00143";"42446";"https://tecnimont.sharepoint.com/sites/vdm_43P4";"https://make.powerautomate.com/environments/Default-7cc91888-5aa0-49e5-a836-22cda2eae0fc/flows/180a65e6-5246-4b25-a2f9-35da203a900b/runs/08585023222404906577211346324CU157";"N/A"
"08585023222402126292597532375CU253";"Succeeded";"11/6/2023 4:30:45 PM";"11/6/2023 4:30:45 PM";"AVDT-4300-P4-TCM-7500108837-00143";"42448";"https://tecnimont.sharepoint.com/sites/vdm_43P4";"https://make.powerautomate.com/environments/Default-7cc91888-5aa0-49e5-a836-22cda2eae0fc/flows/180a65e6-5246-4b25-a2f9-35da203a900b/runs/08585023222402126292597532375CU253";"N/A"
"08585023222396217827048949976CU172";"Succeeded";"11/6/2023 4:30:45 PM";"11/6/2023 4:30:46 PM";"AVDT-4300-P4-TCM-7500108837-00143";"42447";"https://tecnimont.sharepoint.com/sites/vdm_43P4";"https://make.powerautomate.com/environments/Default-7cc91888-5aa0-49e5-a836-22cda2eae0fc/flows/180a65e6-5246-4b25-a2f9-35da203a900b/runs/08585023222396217827048949976CU172";"N/A"
