Timestamp;Type;ListName;Level;Action
2024-01-14 13:01:38;[SUCCESS];Client Document List;Doc;/;UPDATED
0.0024703557312253:
2024-01-14 13:03:46;[SUCCESS];Client Document List;Doc;4355-BB-DA-28017031/BB;UPDATED
0.0024703557312253:
2024-01-14 13:10:56;[SUCCESS];Client Document List;Doc;4355-BB-DA-28017031/BB;UPDATED
0.0024703557312253:
2024-01-14 13:11:57;[SUCCESS];Client Document List;Doc;4355-BB-DA-28017031/BB;UPDATED
0.0024703557312253:
2024-01-14 13:16:18;[SUCCESS];Client Document List;Doc;4355-BB-DA-28017031/BB;UPDATED
0.0024703557312253:
2024-01-14 13:29:31;[SUCCESS];Client Document List;Doc;4355-BB-DA-28017031/BB;UPDATED
0.0024703557312253:
2024-01-14 13:31:19;[SUCCESS];Client Document List;Doc;4355-BB-DA-28017031/BB;UPDATED
0.0024703557312253:
2024-01-14 13:32:50;[SUCCESS];Client Document List;Doc;4355-BB-DA-28017031/BB;ID 16872;UPDATED
0.0024703557312253:
2024-01-14 13:35:02;[SUCCESS];Client Document List;Doc;4355-BB-DA-28017031/BB;ID 16872;UPDATED
0.0024703557312253:
2024-01-14 13:35:44;[SUCCESS];Client Document List;Doc;4355-BB-DA-28017031/BB;ID 16872;UPDATED
0.0024703557312253:
2024-01-14 13:36:12;[SUCCESS];Client Document List;Doc;4355-BB-DA-28017031/BB;ID 16872;UPDATED
0.0024703557312253:
2024-01-14 13:36:48;[SUCCESS];Client Document List;Doc;4355-BB-DA-28017031/BB;ID 16872;UPDATED
0.0024703557312253:
2024-01-14 13:37:56;[SUCCESS];Client Document List;Doc;4355-BB-DA-28017031/BB;ID 16872;UPDATED
0.0024703557312253:
2024-01-14 13:37:59;[SUCCESS];Client Document List;Doc;4355-GP-VD-ES131110063/AA;ID 17162;UPDATED
0.0024703557312253:
2024-01-14 13:38:03;[SUCCESS];Client Document List;Doc;4355-GP-VD-EE131110064/AA;ID 17163;UPDATED
:
2024-01-14 13:38:06;[SUCCESS];Client Document List;Doc;4355-GP-VD-ES131110062/BB;ID 17164;UPDATED
:
2024-01-14 13:38:09;[SUCCESS];Client Document List;Doc;4355-FY-VD-BO162040001/AA;ID 17226;UPDATED
:
2024-01-14 13:38:12;[SUCCESS];Client Document List;Doc;4355-LZ-VD-CT1113400641/AA;ID 17315;UPDATED
:
2024-01-14 13:38:15;[SUCCESS];Client Document List;Doc;4355-KK-VD-IV101480136/AA;ID 17326;UPDATED
:
2024-01-14 13:38:18;[SUCCESS];Client Document List;Doc;4355-KK-VD-IV101480102/AA;ID 17327;UPDATED
:
2024-01-14 13:38:21;[SUCCESS];Client Document List;Doc;4355-BB-DA-26080001/BB;ID 17337;UPDATED
:
2024-01-14 13:38:24;[SUCCESS];Client Document List;Doc;4355-BB-DA-26080101/BB;ID 17338;UPDATED
:
2024-01-14 13:38:27;[SUCCESS];Client Document List;Doc;4355-BB-DA-26080002/BB;ID 17339;UPDATED
:
2024-01-14 13:38:29;[SUCCESS];Client Document List;Doc;4355-BB-DA-26080201/BB;ID 17340;UPDATED
:
2024-01-14 13:38:32;[SUCCESS];Client Document List;Doc;4355-KK-VD-IV101480137/AA;ID 17355;UPDATED
:
2024-01-14 13:38:35;[SUCCESS];Client Document List;Doc;4355-KK-VD-IW101480103/BB;ID 17380;UPDATED
:
2024-01-14 13:38:38;[SUCCESS];Client Document List;Doc;4355-LZ-VD-CM1113400105/AA;ID 17383;UPDATED
:
2024-01-14 13:38:41;[SUCCESS];Client Document List;Doc;4355-LZ-VD-CT1113400653/AA;ID 17384;UPDATED
:
2024-01-14 13:38:43;[SUCCESS];Client Document List;Doc;4355-LZ-VD-CT1113400652/AA;ID 17385;UPDATED
01/04/2024 23:00:00:
2024-01-14 13:38:46;[SUCCESS];Client Document List;Doc;4355-LZ-VD-CT1113400651/AA;ID 17386;UPDATED
:
2024-01-14 13:38:49;[SUCCESS];Client Document List;Doc;4355-LZ-VD-CT1113400650/AA;ID 17387;UPDATED
:
2024-01-14 13:38:52;[SUCCESS];Client Document List;Doc;4355-LZ-VD-CT1113400649/AA;ID 17388;UPDATED
01/04/2024 23:00:00:
2024-01-14 13:38:55;[SUCCESS];Client Document List;Doc;4355-LZ-VD-CT1113400648/AA;ID 17389;UPDATED
01/04/2024 23:00:00:
2024-01-14 13:38:58;[SUCCESS];Client Document List;Doc;4355-LZ-VD-CT1113400645/AA;ID 17390;UPDATED
:
2024-01-14 13:39:01;[SUCCESS];Client Document List;Doc;4355-LZ-VD-CT1113400644/AA;ID 17391;UPDATED
:
2024-01-14 13:39:04;[SUCCESS];Client Document List;Doc;4355-LZ-VD-CT1113400643/AA;ID 17392;UPDATED
:
2024-01-14 13:39:07;[SUCCESS];Client Document List;Doc;4355-BB-DA-27080010/BB;ID 17403;UPDATED
:
2024-01-14 13:39:09;[SUCCESS];Client Document List;Doc;4355-BB-DA-27080011/BB;ID 17404;UPDATED
:
2024-01-14 13:39:12;[SUCCESS];Client Document List;Doc;4355-BB-DA-27080210/BB;ID 17405;UPDATED
:
2024-01-14 13:39:15;[SUCCESS];Client Document List;Doc;4355-BB-DA-27080110/BB;ID 17406;UPDATED
:
2024-01-14 13:39:18;[SUCCESS];Client Document List;Doc;4355-KK-SE-50000274/AA;ID 17424;UPDATED
:
2024-01-14 13:39:21;[SUCCESS];Client Document List;Doc;4355-FP-VD-IM158950002/AA;ID 17441;UPDATED
:
2024-01-14 13:39:24;[SUCCESS];Client Document List;Doc;4355-FP-VD-IM158950001/AA;ID 17442;UPDATED
:
2024-01-14 13:39:26;[SUCCESS];Client Document List;Doc;4355-GG-VD-BD159060072/AA;ID 17480;UPDATED
:
2024-01-14 13:39:29;[SUCCESS];Client Document List;Doc;4355-GG-VD-BD159060071/AA;ID 17481;UPDATED
:
2024-01-14 13:39:32;[SUCCESS];Client Document List;Doc;4355-FY-VD-BD162040001/BB;ID 17496;UPDATED
:
2024-01-14 13:39:35;[SUCCESS];Client Document List;Doc;4355-XX-DE-50000001/CC;ID 17499;UPDATED
:
2024-01-14 13:39:37;[SUCCESS];Client Document List;Doc;4355-FY-VD-QC1589400001/BB;ID 17508;UPDATED
:
2024-01-14 13:39:40;[SUCCESS];Client Document List;Doc;4355-FY-VD-BD1589400028/BB;ID 17512;UPDATED
:
2024-01-14 13:39:43;[SUCCESS];Client Document List;Doc;4355-FY-VD-BD1589400027/BB;ID 17514;UPDATED
:
2024-01-14 13:39:46;[SUCCESS];Client Document List;Doc;4355-FY-VD-BD1589400015/BB;ID 17515;UPDATED
:
2024-01-14 13:39:49;[SUCCESS];Client Document List;Doc;4355-FY-VD-BD1589400007/BB;ID 17517;UPDATED
:
2024-01-14 13:39:51;[SUCCESS];Client Document List;Doc;4355-FP-VD-GS158950018/BB;ID 17518;UPDATED
:
2024-01-14 13:39:54;[SUCCESS];Client Document List;Doc;4355-FY-VD-BD1589400014/BB;ID 17520;UPDATED
:
2024-01-14 13:39:57;[SUCCESS];Client Document List;Doc;4355-FP-VD-GS158950004/BB;ID 17522;UPDATED
:
2024-01-14 13:40:00;[SUCCESS];Client Document List;Doc;4355-FY-VD-BD1589400012/BB;ID 17523;UPDATED
:
2024-01-14 13:40:02;[SUCCESS];Client Document List;Doc;4355-FY-VD-BD1589400011/BB;ID 17524;UPDATED
:
2024-01-14 13:40:05;[SUCCESS];Client Document List;Doc;4355-FY-VD-BD1589400013/BB;ID 17525;UPDATED
:
2024-01-14 13:40:08;[SUCCESS];Client Document List;Doc;4355-FY-VD-BD1589400009/BB;ID 17526;UPDATED
:
2024-01-14 13:40:11;[SUCCESS];Client Document List;Doc;4355-FY-VD-BD1589400010/BB;ID 17527;UPDATED
:
2024-01-14 13:40:13;[SUCCESS];Client Document List;Doc;4355-FY-VD-BD1589400005/BB;ID 17528;UPDATED
:
2024-01-14 13:40:16;[SUCCESS];Client Document List;Doc;4355-FY-VD-BD1589400006/BB;ID 17529;UPDATED
:
2024-01-14 13:40:19;[SUCCESS];Client Document List;Doc;4355-FY-VD-BD1589400008/BB;ID 17530;UPDATED
:
2024-01-14 13:40:22;[SUCCESS];Client Document List;Doc;4355-FY-VD-BD1589400004/BB;ID 17531;UPDATED
:
2024-01-14 13:40:25;[SUCCESS];Client Document List;Doc;4355-FY-VD-BD1589400003/BB;ID 17532;UPDATED
:
2024-01-14 13:40:28;[SUCCESS];Client Document List;Doc;4355-FY-VD-BD1589400002/BB;ID 17533;UPDATED
:
2024-01-14 13:40:30;[SUCCESS];Client Document List;Doc;4355-FY-VD-BD1589400001/BB;ID 17534;UPDATED
:
2024-01-14 13:40:33;[SUCCESS];Client Document List;Doc;4355-XX-DE-22100006/CC;ID 17536;UPDATED
:
2024-01-14 13:40:36;[SUCCESS];Client Document List;Doc;4355-XX-DE-22100007/CC;ID 17537;UPDATED
:
2024-01-14 13:40:39;[SUCCESS];Client Document List;Doc;4355-XX-DE-22100001/CC;ID 17539;UPDATED
:
2024-01-14 13:40:42;[SUCCESS];Client Document List;Doc;4355-XX-DE-22300001/CC;ID 17547;UPDATED
:
2024-01-14 13:40:45;[SUCCESS];Client Document List;Doc;4355-CD-VD-LG135230041/BB;ID 17562;UPDATED
:
2024-01-14 13:40:48;[SUCCESS];Client Document List;Doc;4355-CD-VD-LG135230021/BB;ID 17564;UPDATED
:
2024-01-14 13:40:51;[SUCCESS];Client Document List;Doc;4355-GP-VD-QP140160017/AA;ID 17591;UPDATED
:
2024-01-14 13:40:54;[SUCCESS];Client Document List;Doc;4355-XX-DE-22400006/CC;ID 17603;UPDATED
:
2024-01-14 13:40:56;[SUCCESS];Client Document List;Doc;4355-XX-DE-22200013/CC;ID 17633;UPDATED
:
2024-01-14 13:40:59;[SUCCESS];Client Document List;Doc;4355-XX-DE-22200011/CC;ID 17634;UPDATED
:
2024-01-14 13:41:02;[SUCCESS];Client Document List;Doc;4355-XX-DE-22200012/CC;ID 17635;UPDATED
:
2024-01-14 13:41:05;[SUCCESS];Client Document List;Doc;4355-XX-DE-22200014/CC;ID 17636;UPDATED
:
2024-01-14 13:41:07;[SUCCESS];Client Document List;Doc;4355-CD-VD-LG136520111/BB;ID 17703;UPDATED
:
2024-01-14 13:41:10;[SUCCESS];Client Document List;Doc;4355-CD-VD-LG136520071/BB;ID 17707;UPDATED
:
2024-01-14 13:41:14;[SUCCESS];Client Document List;Doc;4355-CD-VD-LG136520061/BB;ID 17708;UPDATED
:
2024-01-14 13:41:16;[SUCCESS];Client Document List;Doc;4355-CD-VD-LG136520051/BB;ID 17709;UPDATED
:
2024-01-14 13:41:19;[SUCCESS];Client Document List;Doc;4355-CD-VD-LG136520041/BB;ID 17710;UPDATED
:
2024-01-14 13:41:22;[SUCCESS];Client Document List;Doc;4355-CD-VD-LG136520031/BB;ID 17711;UPDATED
:
2024-01-14 13:41:25;[SUCCESS];Client Document List;Doc;4355-CD-VD-LG136520021/BB;ID 17712;UPDATED
:
2024-01-14 13:41:28;[SUCCESS];Client Document List;Doc;4355-CD-VD-LG136520001/BB;ID 17713;UPDATED
:
2024-01-14 13:41:31;[SUCCESS];Client Document List;Doc;4355-LZ-VD-CT1113400587/AA;ID 17753;UPDATED
:
2024-01-14 13:41:34;[SUCCESS];Client Document List;Doc;4355-LZ-VD-CT1113400050/BB;ID 17758;UPDATED
:
2024-01-14 13:41:37;[SUCCESS];Client Document List;Doc;4355-LZ-VD-CT1113400053/BB;ID 17760;UPDATED
:
2024-01-14 13:41:40;[SUCCESS];Client Document List;Doc;4355-LZ-VD-CT1113400052/BB;ID 17761;UPDATED
:
2024-01-14 13:41:43;[SUCCESS];Client Document List;Doc;4355-LZ-VD-CT1113400051/BB;ID 17762;UPDATED
:
2024-01-14 13:41:45;[SUCCESS];Client Document List;Doc;4355-LZ-VD-CT1113400044/BB;ID 17763;UPDATED
:
2024-01-14 13:41:49;[SUCCESS];Client Document List;Doc;4355-LZ-VD-CT1113400043/BB;ID 17764;UPDATED
:
2024-01-14 13:41:51;[SUCCESS];Client Document List;Doc;4355-LZ-VD-CT1113400041/BB;ID 17765;UPDATED
:
2024-01-14 13:41:54;[SUCCESS];Client Document List;Doc;4355-LZ-VD-CT1113400042/BB;ID 17766;UPDATED
:
2024-01-14 13:41:57;[SUCCESS];Client Document List;Doc;4355-LZ-VD-CT1113400038/BB;ID 17767;UPDATED
:
2024-01-14 13:42:00;[SUCCESS];Client Document List;Doc;4355-LZ-VD-CT1113400040/BB;ID 17768;UPDATED
:
2024-01-14 13:42:03;[SUCCESS];Client Document List;Doc;4355-LZ-VD-CT1113400039/BB;ID 17769;UPDATED
:
2024-01-14 13:42:06;[SUCCESS];Client Document List;Doc;4355-AP-DA-21Z00015/AA;ID 17770;UPDATED
:
2024-01-14 13:42:09;[SUCCESS];Client Document List;Doc;4355-AP-DA-21Z00001/AA;ID 17771;UPDATED
01/05/2024 11:16:37:
2024-01-14 13:42:12;[SUCCESS];Client Document List;Doc;4355-AP-DA-21Z00003/AA;ID 17772;UPDATED
:
2024-01-14 13:42:15;[SUCCESS];Client Document List;Doc;4355-AP-DA-21Z00011/AA;ID 17773;UPDATED
:
2024-01-14 13:42:18;[SUCCESS];Client Document List;Doc;4355-AP-DA-21Z00013/AA;ID 17774;UPDATED
:
2024-01-14 13:42:21;[SUCCESS];Client Document List;Doc;4355-AP-DA-21Z00014/AA;ID 17775;UPDATED
:
2024-01-14 13:42:24;[SUCCESS];Client Document List;Doc;4355-AP-DA-21Z00007/AA;ID 17776;UPDATED
:
2024-01-14 13:42:26;[SUCCESS];Client Document List;Doc;4355-AP-DA-21Z00012/AA;ID 17777;UPDATED
:
2024-01-14 13:42:30;[SUCCESS];Client Document List;Doc;4355-AP-DA-21Z00008/AA;ID 17778;UPDATED
:
2024-01-14 13:42:33;[SUCCESS];Client Document List;Doc;4355-AP-DA-21Z00004/AA;ID 17779;UPDATED
:
2024-01-14 13:42:35;[SUCCESS];Client Document List;Doc;4355-AP-DA-21Z00002/AA;ID 17780;UPDATED
:
2024-01-14 13:42:38;[SUCCESS];Client Document List;Doc;4355-AP-DA-21Z00005/AA;ID 17781;UPDATED
:
2024-01-14 13:42:41;[SUCCESS];Client Document List;Doc;4355-AP-DA-21Z00009/AA;ID 17782;UPDATED
:
2024-01-14 13:42:44;[SUCCESS];Client Document List;Doc;4355-AP-DA-21Z00010/AA;ID 17783;UPDATED
:
2024-01-14 13:42:47;[SUCCESS];Client Document List;Doc;4355-AP-DA-22Z00009/AA;ID 17784;UPDATED
:
2024-01-14 13:42:50;[SUCCESS];Client Document List;Doc;4355-AP-DA-22Z00006/AA;ID 17785;UPDATED
:
2024-01-14 13:42:53;[SUCCESS];Client Document List;Doc;4355-AP-DA-22Z00010/AA;ID 17786;UPDATED
:
2024-01-14 13:42:56;[SUCCESS];Client Document List;Doc;4355-AP-DA-22Z00014/AA;ID 17787;UPDATED
:
2024-01-14 13:42:58;[SUCCESS];Client Document List;Doc;4355-AP-DA-22Z00007/AA;ID 17788;UPDATED
:
2024-01-14 13:43:02;[SUCCESS];Client Document List;Doc;4355-AP-DA-22Z00008/AA;ID 17789;UPDATED
:
2024-01-14 13:43:04;[SUCCESS];Client Document List;Doc;4355-AP-DA-22Z00012/AA;ID 17790;UPDATED
:
2024-01-14 13:43:07;[SUCCESS];Client Document List;Doc;4355-AP-DA-22Z00004/AA;ID 17791;UPDATED
:
2024-01-14 13:43:10;[SUCCESS];Client Document List;Doc;4355-AP-DA-22Z00001/AA;ID 17792;UPDATED
:
2024-01-14 13:43:13;[SUCCESS];Client Document List;Doc;4355-AP-DA-22Z00011/AA;ID 17793;UPDATED
:
2024-01-14 13:43:16;[SUCCESS];Client Document List;Doc;4355-AP-DA-22Z00003/AA;ID 17794;UPDATED
:
2024-01-14 13:43:19;[SUCCESS];Client Document List;Doc;4355-AP-DA-22Z00005/AA;ID 17795;UPDATED
:
2024-01-14 13:43:22;[SUCCESS];Client Document List;Doc;4355-AP-DA-22Z00002/AA;ID 17796;UPDATED
:
2024-01-14 13:43:25;[SUCCESS];Client Document List;Doc;4355-AP-DA-22Z00013/AA;ID 17797;UPDATED
:
2024-01-14 13:43:28;[SUCCESS];Client Document List;Doc;4355-AP-DA-50Z00011/AA;ID 17798;UPDATED
:
2024-01-14 13:43:31;[SUCCESS];Client Document List;Doc;4355-AP-DA-50Z00002/AA;ID 17799;UPDATED
:
2024-01-14 13:43:34;[SUCCESS];Client Document List;Doc;4355-AP-DA-50Z00014/AA;ID 17800;UPDATED
:
2024-01-14 13:43:36;[SUCCESS];Client Document List;Doc;4355-AP-DA-50Z00004/AA;ID 17801;UPDATED
:
2024-01-14 13:43:39;[SUCCESS];Client Document List;Doc;4355-AP-DA-50Z00016/AA;ID 17802;UPDATED
:
2024-01-14 13:43:42;[SUCCESS];Client Document List;Doc;4355-AP-DA-50Z00010/AA;ID 17803;UPDATED
:
2024-01-14 13:43:45;[SUCCESS];Client Document List;Doc;4355-AP-DA-50Z00012/AA;ID 17804;UPDATED
:
2024-01-14 13:43:48;[SUCCESS];Client Document List;Doc;4355-AP-DA-50Z00003/AA;ID 17805;UPDATED
:
2024-01-14 13:43:51;[SUCCESS];Client Document List;Doc;4355-AP-DA-50Z00001/AA;ID 17806;UPDATED
:
2024-01-14 13:43:53;[SUCCESS];Client Document List;Doc;4355-AP-DA-50Z00013/AA;ID 17807;UPDATED
:
2024-01-14 13:43:56;[SUCCESS];Client Document List;Doc;4355-AP-DA-50Z00007/AA;ID 17808;UPDATED
:
2024-01-14 13:44:04;[SUCCESS];Client Document List;Doc;4355-AP-DA-50Z00009/AA;ID 17809;UPDATED
:
2024-01-14 13:44:07;[SUCCESS];Client Document List;Doc;4355-AP-DA-50Z00008/AA;ID 17810;UPDATED
:
2024-01-14 13:44:10;[SUCCESS];Client Document List;Doc;4355-AP-DA-50Z00015/AA;ID 17811;UPDATED
:
2024-01-14 13:44:12;[SUCCESS];Client Document List;Doc;4355-AP-DA-50Z00006/AA;ID 17812;UPDATED
:
2024-01-14 13:44:32;[SUCCESS];Client Document List;Doc;4355-AP-DA-50Z00005/AA;ID 17813;UPDATED
:
2024-01-14 13:44:36;[SUCCESS];Client Document List;Doc;4355-AP-DA-21Z00006/AA;ID 17906;UPDATED
:
2024-01-14 13:44:40;[SUCCESS];Client Document List;Doc;4355-GG-VD-EU158250007/0;ID 18042;UPDATED
:
2024-01-14 13:44:44;[SUCCESS];Client Document List;Doc;4355-NN-BE-00000020/CC;ID 18122;UPDATED
01/04/2024 23:00:00:
2024-01-14 13:44:48;[SUCCESS];Client Document List;Doc;4355-CD-VD-QC136220004/BB;ID 18143;UPDATED
:
2024-01-14 13:44:52;[SUCCESS];Client Document List;Doc;4355-CD-VD-QC136220002/BB;ID 18144;UPDATED
:
2024-01-14 13:44:56;[SUCCESS];Client Document List;Doc;4355-CD-VD-QC136220003/BB;ID 18145;UPDATED
01/05/2024 12:57:37:
2024-01-14 13:45:00;[SUCCESS];Client Document List;Doc;4355-CD-VD-QC136220001/BB;ID 18146;UPDATED
:
2024-01-14 13:45:04;[SUCCESS];Client Document List;Doc;4355-GG-VD-QC159060007/AA;ID 18230;UPDATED
:
2024-01-14 13:45:07;[SUCCESS];Client Document List;Doc;4355-LZ-VD-CT1113400680/AA;ID 18267;UPDATED
01/04/2024 23:00:00:
2024-01-14 13:45:11;[SUCCESS];Client Document List;Doc;4355-LZ-VD-CT1113400124/BB;ID 18268;UPDATED
01/04/2024 23:00:00:
2024-01-14 13:45:15;[SUCCESS];Client Document List;Doc;4355-GP-VD-QP094540020/BB;ID 18336;UPDATED
:
2024-01-14 13:45:19;[SUCCESS];Client Document List;Doc;4355-FY-VD-QP129570005/AA;ID 18363;UPDATED
:
2024-01-14 13:45:22;[SUCCESS];Client Document List;Doc;4355-FY-VD-QP129570004/AA;ID 18368;UPDATED
:
2024-01-14 13:45:26;[SUCCESS];Client Document List;Doc;4355-LZ-VD-CM1113400098/BB;ID 18452;UPDATED
01/04/2024 23:00:00:
2024-01-14 13:45:29;[SUCCESS];Client Document List;Doc;4355-LZ-VD-CM1113400110/BB;ID 18457;UPDATED
:
2024-01-14 13:45:34;[SUCCESS];Client Document List;Doc;4355-LZ-VD-CM1113400118/AA;ID 18458;UPDATED
:
2024-01-14 13:45:38;[SUCCESS];Client Document List;Doc;4355-LZ-VD-CT1113400553/AA;ID 18476;UPDATED
:
2024-01-14 13:45:42;[SUCCESS];Client Document List;Doc;4355-LZ-VD-CT1113400565/AA;ID 18623;UPDATED
:
2024-01-14 13:45:46;[SUCCESS];Client Document List;Doc;4355-LZ-VD-CT1113400687/AA;ID 18624;UPDATED
01/04/2024 23:00:00:
2024-01-14 13:45:50;[SUCCESS];Client Document List;Doc;4355-LZ-VD-CT1113400561/BB;ID 18625;UPDATED
:
