Timestamp;Type;ListName;ID/Doc;Action;Key;Value;OldValue
2024-01-13 00:00:02;[SUCCESS];Client Document List;4422-VZ-DM-MM5151000022-01;H2;UPDATED
EDMS TCM Client TR Date: 28-Dec-2023
Previous: 01;12;2024 00:00:00
2024-01-13 00:00:05;[SUCCESS];Client Document List;4422-VZ-DM-MM5151000022-01;H2;UPDATED
EDMS TCM Client TR Date: 28-Dec-2023
Previous: 01;12;2024 00:00:00
2024-01-13 00:00:09;[SUCCESS];Client Document List;4422-VZ-DM-MM5151000022-02;H2;UPDATED
EDMS TCM Client TR Date: 29-Dec-2023
Previous: 01;15;2024 00:00:00
2024-01-13 00:00:14;[SUCCESS];Client Document List;4422-VZ-DM-MM5151000027-01;H2;UPDATED
EDMS TCM Client TR Date: 29-Dec-2023
Previous: 01;15;2024 00:00:00
2024-01-13 00:00:18;[SUCCESS];Client Document List;4422-VZ-DM-MM5151000033-01;H2;UPDATED
EDMS TCM Client TR Date: 29-Dec-2023
Previous: 01;15;2024 00:00:00
2024-01-13 00:00:21;[SUCCESS];Client Document List;4422-VZ-DM-MM5151000033-02;H2;UPDATED
EDMS TCM Client TR Date: 28-Dec-2023
Previous: 01;12;2024 00:00:00
2024-01-13 00:00:25;[SUCCESS];Client Document List;4422-VZ-DM-MM5151000033-02;H2;UPDATED
EDMS TCM Client TR Date: 28-Dec-2023
Previous: 01;12;2024 00:00:00
2024-01-13 00:00:30;[SUCCESS];Client Document List;4422-VZ-DM-MM5151000033-02;H2;UPDATED
EDMS TCM Client TR Date: 28-Dec-2023
Previous: 01;12;2024 00:00:00
2024-01-13 00:00:34;[SUCCESS];Client Document List;4422-VZ-DM-MM5151000033-02;H2;UPDATED
EDMS TCM Client TR Date: 28-Dec-2023
Previous: 01;12;2024 00:00:00
2024-01-13 00:00:37;[SUCCESS];Client Document List;4422-VZ-DM-MM5151000033-03;H2;UPDATED
EDMS TCM Client TR Date: 29-Dec-2023
Previous: 01;15;2024 00:00:00
2024-01-13 00:00:40;[SUCCESS];Client Document List;4422-VZ-DM-MM5151000034-01;H2;UPDATED
EDMS TCM Client TR Date: 28-Dec-2023
Previous: 01;12;2024 00:00:00
2024-01-13 00:00:45;[SUCCESS];Client Document List;4422-VZ-DM-MM5151000034-01;H2;UPDATED
EDMS TCM Client TR Date: 28-Dec-2023
Previous: 01;12;2024 00:00:00
2024-01-13 00:00:49;[SUCCESS];Client Document List;4422-VZ-DM-MM5151000034-01;H2;UPDATED
EDMS TCM Client TR Date: 28-Dec-2023
Previous: 01;12;2024 00:00:00
2024-01-13 00:00:52;[SUCCESS];Client Document List;4422-VZ-DM-MM5151000034-01;H2;UPDATED
EDMS TCM Client TR Date: 28-Dec-2023
Previous: 01;12;2024 00:00:00
2024-01-13 00:00:56;[SUCCESS];Client Document List;4422-VZ-DM-MM5151000035-01;H2;UPDATED
EDMS TCM Client TR Date: 28-Dec-2023
Previous: 01;12;2024 00:00:00
2024-01-13 00:00:59;[SUCCESS];Client Document List;4422-VZ-DM-MM5151000035-01;H2;UPDATED
EDMS TCM Client TR Date: 28-Dec-2023
Previous: 01;12;2024 00:00:00
2024-01-13 00:01:03;[SUCCESS];Client Document List;4422-VZ-DM-MM5151000035-01;H2;UPDATED
EDMS TCM Client TR Date: 28-Dec-2023
Previous: 01;12;2024 00:00:00
2024-01-13 00:01:06;[SUCCESS];Client Document List;4422-VZ-DM-MM5151000035-01;H2;UPDATED
EDMS TCM Client TR Date: 28-Dec-2023
Previous: 01;12;2024 00:00:00
2024-01-13 00:01:09;[SUCCESS];Client Document List;4422-VZ-DM-MM5151000036-01;H2;UPDATED
EDMS TCM Client TR Date: 28-Dec-2023
Previous: 01;12;2024 00:00:00
2024-01-13 00:01:13;[SUCCESS];Client Document List;4422-VZ-DM-MM5151000036-01;H2;UPDATED
EDMS TCM Client TR Date: 28-Dec-2023
Previous: 01;12;2024 00:00:00
2024-01-13 00:01:17;[SUCCESS];Client Document List;4422-VZ-DM-MM5151000036-01;H2;UPDATED
EDMS TCM Client TR Date: 28-Dec-2023
Previous: 01;12;2024 00:00:00
2024-01-13 00:01:21;[SUCCESS];Client Document List;4422-VZ-DM-MM5151000036-01;H2;UPDATED
EDMS TCM Client TR Date: 28-Dec-2023
Previous: 01;12;2024 00:00:00
2024-01-13 00:01:26;[SUCCESS];Client Document List;4422-VZ-DM-MM5151000036-02;H2;UPDATED
EDMS TCM Client TR Date: 28-Dec-2023
Previous: 01;12;2024 00:00:00
2024-01-13 00:01:30;[SUCCESS];Client Document List;4422-VZ-DM-MM5151000036-02;H2;UPDATED
EDMS TCM Client TR Date: 28-Dec-2023
Previous: 01;12;2024 00:00:00
2024-01-13 00:01:33;[SUCCESS];Client Document List;4422-VZ-DM-MM5151000036-02;H2;UPDATED
EDMS TCM Client TR Date: 28-Dec-2023
Previous: 01;12;2024 00:00:00
2024-01-13 00:01:37;[SUCCESS];Client Document List;4422-VZ-DM-MM5151000036-02;H2;UPDATED
EDMS TCM Client TR Date: 28-Dec-2023
Previous: 01;12;2024 00:00:00
2024-01-13 00:01:42;[SUCCESS];Client Document List;4422-VZ-DM-MM5151006601-01;H2;UPDATED
EDMS TCM Client TR Date: 28-Dec-2023
Previous: 01;12;2024 00:00:00
2024-01-13 00:01:46;[SUCCESS];Client Document List;4422-VZ-DM-MM5151006601-01;H2;UPDATED
EDMS TCM Client TR Date: 28-Dec-2023
Previous: 01;12;2024 00:00:00
2024-01-13 00:01:51;[SUCCESS];Client Document List;4422-VZ-DM-MM5151006601-01;H2;UPDATED
EDMS TCM Client TR Date: 28-Dec-2023
Previous: 01;12;2024 00:00:00
2024-01-13 00:01:54;[SUCCESS];Client Document List;4422-VZ-DM-MM5151006601-01;H2;UPDATED
EDMS TCM Client TR Date: 28-Dec-2023
Previous: 01;12;2024 00:00:00
2024-01-13 00:01:57;[SUCCESS];Client Document List;4422-VZ-DM-MM5156000001-01;H2;UPDATED
EDMS TCM Client TR Date: 28-Dec-2023
Previous: 01;12;2024 00:00:00
2024-01-13 00:02:00;[SUCCESS];Client Document List;4422-VZ-DM-MM5156000002-01;H2;UPDATED
EDMS TCM Client TR Date: 29-Dec-2023
Previous: 01;15;2024 00:00:00
2024-01-13 00:02:04;[SUCCESS];Client Document List;4422-VZ-DM-MM5156000003-01;H2;UPDATED
EDMS TCM Client TR Date: 29-Dec-2023
Previous: 01;15;2024 00:00:00
2024-01-13 00:02:07;[SUCCESS];Client Document List;4422-VZ-DM-MM5156000004-01;H2;UPDATED
EDMS TCM Client TR Date: 29-Dec-2023
Previous: 01;15;2024 00:00:00
2024-01-13 00:02:12;[SUCCESS];Client Document List;4422-VZ-DM-MM5156000005-01;H2;UPDATED
EDMS TCM Client TR Date: 28-Dec-2023
Previous: 01;12;2024 00:00:00
2024-01-13 00:02:15;[SUCCESS];Client Document List;4422-VZ-DM-MM5156000006-01;H2;UPDATED
EDMS TCM Client TR Date: 28-Dec-2023
Previous: 01;12;2024 00:00:00
2024-01-13 00:02:19;[SUCCESS];Client Document List;4422-VZ-DM-MM5156000007-01;H2;UPDATED
EDMS TCM Client TR Date: 29-Dec-2023
Previous: 01;15;2024 00:00:00
2024-01-13 00:02:22;[SUCCESS];Client Document List;4422-VZ-DM-MM5156000007-02;H2;UPDATED
EDMS TCM Client TR Date: 28-Dec-2023
Previous: 01;12;2024 00:00:00
2024-01-13 00:02:26;[SUCCESS];Client Document List;4422-VZ-DM-MM5156000008-01;H2;UPDATED
EDMS TCM Client TR Date: 28-Dec-2023
Previous: 01;12;2024 00:00:00
2024-01-13 00:02:31;[SUCCESS];Client Document List;4422-VZ-DM-MM5156000009-01;H2;UPDATED
EDMS TCM Client TR Date: 28-Dec-2023
Previous: 01;12;2024 00:00:00
2024-01-13 00:02:35;[SUCCESS];Client Document List;4422-VZ-DM-MM5156000010-01;H2;UPDATED
EDMS TCM Client TR Date: 28-Dec-2023
Previous: 01;12;2024 00:00:00
2024-01-13 00:02:39;[SUCCESS];Client Document List;4422-VZ-DM-MM5156000011-01;H2;UPDATED
EDMS TCM Client TR Date: 29-Dec-2023
Previous: 01;15;2024 00:00:00
2024-01-13 00:02:42;[SUCCESS];Client Document List;4422-VZ-DM-MM5156000012-01;H2;UPDATED
EDMS TCM Client TR Date: 29-Dec-2023
Previous: 01;15;2024 00:00:00
2024-01-13 00:02:47;[SUCCESS];Client Document List;4422-VZ-DM-MM5156000013-01;H2;UPDATED
EDMS TCM Client TR Date: 28-Dec-2023
Previous: 01;12;2024 00:00:00
2024-01-13 00:02:51;[SUCCESS];Client Document List;4422-VZ-DM-MM5156000014-01;H2;UPDATED
EDMS TCM Client TR Date: 29-Dec-2023
Previous: 01;15;2024 00:00:00
2024-01-13 00:02:56;[SUCCESS];Client Document List;4422-VZ-DM-MM5156000015-01;H2;UPDATED
EDMS TCM Client TR Date: 29-Dec-2023
Previous: 01;15;2024 00:00:00
2024-01-13 00:02:59;[SUCCESS];Client Document List;4422-VZ-DM-MM5156000016-01;H2;UPDATED
EDMS TCM Client TR Date: 29-Dec-2023
Previous: 01;15;2024 00:00:00
2024-01-13 00:03:02;[SUCCESS];Client Document List;4422-VZ-DM-MM5156000017-01;H2;UPDATED
EDMS TCM Client TR Date: 28-Dec-2023
Previous: 01;12;2024 00:00:00
2024-01-13 00:03:06;[SUCCESS];Client Document List;4422-VZ-DM-MM5156000017-02;H2;UPDATED
EDMS TCM Client TR Date: 28-Dec-2023
Previous: 01;12;2024 00:00:00
2024-01-13 00:03:10;[SUCCESS];Client Document List;4422-VZ-DM-MM5156000018-01;H2;UPDATED
EDMS TCM Client TR Date: 29-Dec-2023
Previous: 01;15;2024 00:00:00
2024-01-13 00:03:13;[SUCCESS];Client Document List;4422-VZ-DM-MM5156000019-01;H2;UPDATED
EDMS TCM Client TR Date: 28-Dec-2023
Previous: 01;12;2024 00:00:00
2024-01-13 00:03:16;[SUCCESS];Client Document List;4422-VZ-DM-MM5156000021-01;H2;UPDATED
EDMS TCM Client TR Date: 29-Dec-2023
Previous: 01;15;2024 00:00:00
2024-01-13 00:03:20;[SUCCESS];Client Document List;4422-VZ-DM-MM5156000022-01;H2;UPDATED
EDMS TCM Client TR Date: 29-Dec-2023
Previous: 01;15;2024 00:00:00
2024-01-13 00:03:23;[SUCCESS];Client Document List;4422-VZ-DM-MM5156000023-01;H2;UPDATED
EDMS TCM Client TR Date: 29-Dec-2023
Previous: 01;15;2024 00:00:00
2024-01-13 00:03:27;[SUCCESS];Client Document List;4422-VZ-DM-MM5156000024-01;H2;UPDATED
EDMS TCM Client TR Date: 28-Dec-2023
Previous: 01;12;2024 00:00:00
2024-01-13 00:03:30;[SUCCESS];Client Document List;4422-VZ-DM-MM5156000025-01;H2;UPDATED
EDMS TCM Client TR Date: 28-Dec-2023
Previous: 01;12;2024 00:00:00
2024-01-13 00:03:34;[SUCCESS];Client Document List;4422-VZ-DM-MM5156000026-01;H2;UPDATED
EDMS TCM Client TR Date: 28-Dec-2023
Previous: 01;12;2024 00:00:00
2024-01-13 00:03:37;[SUCCESS];Client Document List;4422-VZ-DP-001000000001;B2;UPDATED
EDMS TCM Client TR Date: 11-Dec-2023
Previous: 12;25;2023 00:00:00
2024-01-13 00:03:41;[SUCCESS];Client Document List;4422-VZ-DP-001000000002;B2;UPDATED
EDMS TCM Client TR Date: 11-Dec-2023
Previous: 12;25;2023 00:00:00
2024-01-13 00:03:44;[SUCCESS];Client Document List;4422-VZ-DP-MM5100000001-01;B2;UPDATED
EDMS TCM Client TR Date: 22-Dec-2023
Previous: 01;05;2024 00:00:00
2024-01-13 00:03:48;[SUCCESS];Client Document List;4422-VZ-DP-MM5100000002-01;B2;UPDATED
EDMS TCM Client TR Date: 22-Dec-2023
Previous: 01;05;2024 00:00:00
2024-01-13 00:03:52;[SUCCESS];Client Document List;4422-VZ-DP-MM5100000004-01;B2;UPDATED
EDMS TCM Client TR Date: 6-Dec-2023
Previous: 12;20;2023 00:00:00
2024-01-13 00:33:34;[SUCCESS];Client Document List;4422-VZ-DP-MM5100000004-01;B2;UPDATED
EDMS TCM Client TR Date: 6-Dec-2023
Previous: 12;20;2023 00:00:00
2024-01-13 00:33:38;[SUCCESS];Client Document List;4422-VZ-DP-MM5100000004-01;B2;UPDATED
EDMS TCM Client TR Date: 6-Dec-2023
Previous: 12;20;2023 00:00:00
2024-01-13 00:33:43;[SUCCESS];Client Document List;4422-VZ-DP-MM5100000004-01;B2;UPDATED
EDMS TCM Client TR Date: 6-Dec-2023
Previous: 12;20;2023 00:00:00
2024-01-13 00:38:11;[SUCCESS];Client Document List;4422-VZ-DP-MM5100000005-01;B2;UPDATED
EDMS TCM Client TR Date: 8-Dec-2023
Previous: 12;22;2023 00:00:00
2024-01-13 00:38:14;[SUCCESS];Client Document List;4422-VZ-DP-MM5100000006-01;B2;UPDATED
EDMS TCM Client TR Date: 6-Dec-2023
Previous: 12;20;2023 00:00:00
2024-01-13 00:38:17;[SUCCESS];Client Document List;4422-VZ-DP-MM5100000006-01;B2;UPDATED
EDMS TCM Client TR Date: 6-Dec-2023
Previous: 12;20;2023 00:00:00
2024-01-13 00:38:20;[SUCCESS];Client Document List;4422-VZ-DP-MM5100000006-01;B2;UPDATED
EDMS TCM Client TR Date: 6-Dec-2023
Previous: 12;20;2023 00:00:00
2024-01-13 00:38:23;[SUCCESS];Client Document List;4422-VZ-DP-MM5100000006-01;B2;UPDATED
EDMS TCM Client TR Date: 6-Dec-2023
Previous: 12;20;2023 00:00:00
2024-01-13 00:38:26;[SUCCESS];Client Document List;4422-VZ-DP-MM5100000051-01;B2;UPDATED
EDMS TCM Client TR Date: 6-Dec-2023
Previous: 12;20;2023 00:00:00
2024-01-13 00:38:29;[SUCCESS];Client Document List;4422-VZ-DP-MM5100000051-01;B2;UPDATED
EDMS TCM Client TR Date: 6-Dec-2023
Previous: 12;20;2023 00:00:00
2024-01-13 00:38:32;[SUCCESS];Client Document List;4422-VZ-DP-MM5100000051-01;B2;UPDATED
EDMS TCM Client TR Date: 6-Dec-2023
Previous: 12;20;2023 00:00:00
2024-01-13 00:38:35;[SUCCESS];Client Document List;4422-VZ-DP-MM5100000051-01;B2;UPDATED
EDMS TCM Client TR Date: 6-Dec-2023
Previous: 12;20;2023 00:00:00
2024-01-13 00:38:39;[SUCCESS];Client Document List;4422-VZ-DP-MM5100000052-01;B2;UPDATED
EDMS TCM Client TR Date: 6-Dec-2023
Previous: 12;20;2023 00:00:00
2024-01-13 00:38:42;[SUCCESS];Client Document List;4422-VZ-DP-MM5100000052-01;B2;UPDATED
EDMS TCM Client TR Date: 6-Dec-2023
Previous: 12;20;2023 00:00:00
2024-01-13 00:38:44;[SUCCESS];Client Document List;4422-VZ-DP-MM5100000052-01;B2;UPDATED
EDMS TCM Client TR Date: 6-Dec-2023
Previous: 12;20;2023 00:00:00
2024-01-13 00:38:48;[SUCCESS];Client Document List;4422-VZ-DP-MM5100000052-01;B2;UPDATED
EDMS TCM Client TR Date: 6-Dec-2023
Previous: 12;20;2023 00:00:00
2024-01-13 00:38:50;[SUCCESS];Client Document List;4422-VZ-DP-MM5100000053-01;B2;UPDATED
EDMS TCM Client TR Date: 6-Dec-2023
Previous: 12;20;2023 00:00:00
2024-01-13 00:38:53;[SUCCESS];Client Document List;4422-VZ-DP-MM5100000053-01;B2;UPDATED
EDMS TCM Client TR Date: 6-Dec-2023
Previous: 12;20;2023 00:00:00
2024-01-13 00:38:56;[SUCCESS];Client Document List;4422-VZ-DP-MM5100000053-01;B2;UPDATED
EDMS TCM Client TR Date: 6-Dec-2023
Previous: 12;20;2023 00:00:00
2024-01-13 00:39:04;[SUCCESS];Client Document List;4422-VZ-DP-MM5100000053-01;B2;UPDATED
EDMS TCM Client TR Date: 6-Dec-2023
Previous: 12;20;2023 00:00:00
2024-01-13 00:39:06;[SUCCESS];Client Document List;4422-VZ-DP-MM5100000300-01;B2;UPDATED
EDMS TCM Client TR Date: 6-Dec-2023
Previous: 12;20;2023 00:00:00
2024-01-13 00:39:09;[SUCCESS];Client Document List;4422-VZ-DP-MM5100000300-01;B2;UPDATED
EDMS TCM Client TR Date: 6-Dec-2023
Previous: 12;20;2023 00:00:00
2024-01-13 00:39:12;[SUCCESS];Client Document List;4422-VZ-DP-MM5100000300-01;B2;UPDATED
EDMS TCM Client TR Date: 6-Dec-2023
Previous: 12;20;2023 00:00:00
2024-01-13 00:39:15;[SUCCESS];Client Document List;4422-VZ-DP-MM5100000300-01;B2;UPDATED
EDMS TCM Client TR Date: 6-Dec-2023
Previous: 12;20;2023 00:00:00
2024-01-13 00:39:18;[SUCCESS];Client Document List;4422-VZ-DP-MM5100005000-01;B2;UPDATED
EDMS TCM Client TR Date: 8-Dec-2023
Previous: 12;22;2023 00:00:00
2024-01-13 00:39:21;[SUCCESS];Client Document List;4422-VZ-DP-MM5100005400-01;B2;UPDATED
EDMS TCM Client TR Date: 6-Dec-2023
Previous: 12;20;2023 00:00:00
2024-01-13 00:39:24;[SUCCESS];Client Document List;4422-VZ-DP-MM5100005400-01;B2;UPDATED
EDMS TCM Client TR Date: 6-Dec-2023
Previous: 12;20;2023 00:00:00
2024-01-13 00:39:27;[SUCCESS];Client Document List;4422-VZ-DP-MM5100005400-01;B2;UPDATED
EDMS TCM Client TR Date: 6-Dec-2023
Previous: 12;20;2023 00:00:00
2024-01-13 00:39:30;[SUCCESS];Client Document List;4422-VZ-DP-MM5100005400-01;B2;UPDATED
EDMS TCM Client TR Date: 6-Dec-2023
Previous: 12;20;2023 00:00:00
2024-01-13 00:39:33;[SUCCESS];Client Document List;4422-VZ-DP-MM5120000001-01;B2;UPDATED
EDMS TCM Client TR Date: 6-Dec-2023
Previous: 12;20;2023 00:00:00
2024-01-13 00:39:36;[SUCCESS];Client Document List;4422-VZ-DP-MM5120000001-01;B2;UPDATED
EDMS TCM Client TR Date: 6-Dec-2023
Previous: 12;20;2023 00:00:00
2024-01-13 00:39:39;[SUCCESS];Client Document List;4422-VZ-DP-MM5120000001-01;B2;UPDATED
EDMS TCM Client TR Date: 6-Dec-2023
Previous: 12;20;2023 00:00:00
2024-01-13 00:39:42;[SUCCESS];Client Document List;4422-VZ-DP-MM5120000001-01;B2;UPDATED
EDMS TCM Client TR Date: 6-Dec-2023
Previous: 12;20;2023 00:00:00
2024-01-13 00:39:44;[SUCCESS];Client Document List;4422-VZ-DP-MM5120000002-01;B2;UPDATED
EDMS TCM Client TR Date: 8-Dec-2023
Previous: 12;22;2023 00:00:00
2024-01-13 00:39:47;[SUCCESS];Client Document List;4422-VZ-DP-MM5120000003-01;B2;UPDATED
EDMS TCM Client TR Date: 6-Dec-2023
Previous: 12;20;2023 00:00:00
2024-01-13 00:39:50;[SUCCESS];Client Document List;4422-VZ-DP-MM5120000003-01;B2;UPDATED
EDMS TCM Client TR Date: 6-Dec-2023
Previous: 12;20;2023 00:00:00
2024-01-13 00:39:53;[SUCCESS];Client Document List;4422-VZ-DP-MM5120000003-01;B2;UPDATED
EDMS TCM Client TR Date: 6-Dec-2023
Previous: 12;20;2023 00:00:00
2024-01-13 00:39:56;[SUCCESS];Client Document List;4422-VZ-DP-MM5120000003-01;B2;UPDATED
EDMS TCM Client TR Date: 6-Dec-2023
Previous: 12;20;2023 00:00:00
2024-01-13 00:39:59;[SUCCESS];Client Document List;4422-VZ-DP-MM5120000004-01;B2;UPDATED
EDMS TCM Client TR Date: 24-Nov-2023
Previous: 12;08;2023 00:00:00
2024-01-13 00:40:02;[SUCCESS];Client Document List;4422-VZ-DP-MM5120000005-01;B2;UPDATED
EDMS TCM Client TR Date: 1-Dec-2023
Previous: 12;15;2023 00:00:00
2024-01-13 00:40:04;[SUCCESS];Client Document List;4422-VZ-DP-MM5120000006-01;B2;UPDATED
EDMS TCM Client TR Date: 24-Nov-2023
Previous: 12;08;2023 00:00:00
2024-01-13 00:40:07;[SUCCESS];Client Document List;4422-VZ-DP-MM5121000001-01;B2;UPDATED
EDMS TCM Client TR Date: 6-Dec-2023
Previous: 12;20;2023 00:00:00
2024-01-13 00:40:10;[SUCCESS];Client Document List;4422-VZ-DP-MM5121000001-01;B2;UPDATED
EDMS TCM Client TR Date: 6-Dec-2023
Previous: 12;20;2023 00:00:00
2024-01-13 00:40:13;[SUCCESS];Client Document List;4422-VZ-DP-MM5121000001-01;B2;UPDATED
EDMS TCM Client TR Date: 6-Dec-2023
Previous: 12;20;2023 00:00:00
2024-01-13 00:40:15;[SUCCESS];Client Document List;4422-VZ-DP-MM5121000001-01;B2;UPDATED
EDMS TCM Client TR Date: 6-Dec-2023
Previous: 12;20;2023 00:00:00
2024-01-13 00:40:18;[SUCCESS];Client Document List;4422-VZ-DP-MM5121000002-01;B2;UPDATED
EDMS TCM Client TR Date: 6-Dec-2023
Previous: 12;20;2023 00:00:00
2024-01-13 00:40:21;[SUCCESS];Client Document List;4422-VZ-DP-MM5121000002-01;B2;UPDATED
EDMS TCM Client TR Date: 6-Dec-2023
Previous: 12;20;2023 00:00:00
2024-01-13 00:40:24;[SUCCESS];Client Document List;4422-VZ-DP-MM5121000002-01;B2;UPDATED
EDMS TCM Client TR Date: 6-Dec-2023
Previous: 12;20;2023 00:00:00
2024-01-13 00:40:27;[SUCCESS];Client Document List;4422-VZ-DP-MM5121000002-01;B2;UPDATED
EDMS TCM Client TR Date: 6-Dec-2023
Previous: 12;20;2023 00:00:00
2024-01-13 00:40:30;[SUCCESS];Client Document List;4422-VZ-DP-MM5121000003-01;B2;UPDATED
EDMS TCM Client TR Date: 24-Nov-2023
Previous: 12;08;2023 00:00:00
2024-01-13 00:40:33;[SUCCESS];Client Document List;4422-VZ-DP-MM5121000004-01;B2;UPDATED
EDMS TCM Client TR Date: 8-Dec-2023
Previous: 12;22;2023 00:00:00
2024-01-13 00:40:36;[SUCCESS];Client Document List;4422-VZ-DP-MM5125000001-01;B2;UPDATED
EDMS TCM Client TR Date: 1-Dec-2023
Previous: 12;15;2023 00:00:00
2024-01-13 00:40:39;[SUCCESS];Client Document List;4422-VZ-DP-MM5125000002-01;B2;UPDATED
EDMS TCM Client TR Date: 1-Dec-2023
Previous: 12;15;2023 00:00:00
2024-01-13 00:40:41;[SUCCESS];Client Document List;4422-VZ-DP-MM5125000003-01;B2;UPDATED
EDMS TCM Client TR Date: 1-Dec-2023
Previous: 12;15;2023 00:00:00
2024-01-13 00:40:44;[SUCCESS];Client Document List;4422-VZ-DP-MM5125000004-01;B2;UPDATED
EDMS TCM Client TR Date: 8-Dec-2023
Previous: 12;22;2023 00:00:00
2024-01-13 00:40:47;[SUCCESS];Client Document List;4422-VZ-DP-MM5125000005-01;B2;UPDATED
EDMS TCM Client TR Date: 1-Dec-2023
Previous: 12;15;2023 00:00:00
2024-01-13 00:40:50;[SUCCESS];Client Document List;4422-VZ-DP-MM5125000006-01;B2;UPDATED
EDMS TCM Client TR Date: 1-Dec-2023
Previous: 12;15;2023 00:00:00
2024-01-13 00:40:58;[SUCCESS];Client Document List;4422-VZ-DP-MM5125000007-01;B2;UPDATED
EDMS TCM Client TR Date: 1-Dec-2023
Previous: 12;15;2023 00:00:00
2024-01-13 00:41:01;[SUCCESS];Client Document List;4422-VZ-DP-MM5125000008-01;B2;UPDATED
EDMS TCM Client TR Date: 1-Dec-2023
Previous: 12;15;2023 00:00:00
2024-01-13 00:41:04;[SUCCESS];Client Document List;4422-VZ-DP-MM5125000009-01;B2;UPDATED
EDMS TCM Client TR Date: 8-Dec-2023
Previous: 12;22;2023 00:00:00
2024-01-13 00:41:07;[SUCCESS];Client Document List;4422-VZ-DP-MM5125000010-01;B2;UPDATED
EDMS TCM Client TR Date: 1-Dec-2023
Previous: 12;15;2023 00:00:00
2024-01-13 00:41:10;[SUCCESS];Client Document List;4422-VZ-DP-MM5125000011-01;B2;UPDATED
EDMS TCM Client TR Date: 1-Dec-2023
Previous: 12;15;2023 00:00:00
2024-01-13 00:41:13;[SUCCESS];Client Document List;4422-VZ-DP-MM5125000012-01;B2;UPDATED
EDMS TCM Client TR Date: 1-Dec-2023
Previous: 12;15;2023 00:00:00
2024-01-13 00:41:15;[SUCCESS];Client Document List;4422-VZ-DP-MM5125000013-01;B2;UPDATED
EDMS TCM Client TR Date: 2-Dec-2023
Previous: 12;15;2023 00:00:00
2024-01-13 00:41:18;[SUCCESS];Client Document List;4422-VZ-DP-MM5131000100-01;B2;UPDATED
EDMS TCM Client TR Date: 1-Dec-2023
Previous: 12;15;2023 00:00:00
2024-01-13 00:41:21;[SUCCESS];Client Document List;4422-VZ-DP-MM5131000400-01;B2;UPDATED
EDMS TCM Client TR Date: 24-Nov-2023
Previous: 12;08;2023 00:00:00
2024-01-13 00:41:25;[SUCCESS];Client Document List;4422-VZ-DP-MM5131000500-01;B2;UPDATED
EDMS TCM Client TR Date: 24-Nov-2023
Previous: 12;08;2023 00:00:00
2024-01-13 00:41:27;[SUCCESS];Client Document List;4422-VZ-DP-MM5131000600-01;B2;UPDATED
EDMS TCM Client TR Date: 24-Nov-2023
Previous: 12;08;2023 00:00:00
2024-01-13 00:41:31;[SUCCESS];Client Document List;4422-VZ-DP-MM5131000700-01;B2;UPDATED
EDMS TCM Client TR Date: 24-Nov-2023
Previous: 12;08;2023 00:00:00
2024-01-13 00:41:34;[SUCCESS];Client Document List;4422-VZ-DP-MM5131000900-01;B2;UPDATED
EDMS TCM Client TR Date: 1-Dec-2023
Previous: 12;15;2023 00:00:00
2024-01-13 00:41:36;[SUCCESS];Client Document List;4422-VZ-DP-MM5131001000-01;B2;UPDATED
EDMS TCM Client TR Date: 24-Nov-2023
Previous: 12;08;2023 00:00:00
2024-01-13 00:41:40;[SUCCESS];Client Document List;4422-VZ-DP-MM5131001100-01;B2;UPDATED
EDMS TCM Client TR Date: 1-Dec-2023
Previous: 12;15;2023 00:00:00
2024-01-13 00:41:43;[SUCCESS];Client Document List;4422-VZ-DP-MM5131001200-01;B2;UPDATED
EDMS TCM Client TR Date: 1-Dec-2023
Previous: 12;15;2023 00:00:00
2024-01-13 00:41:46;[SUCCESS];Client Document List;4422-VZ-DP-MM5131600100-01;00;UPDATED
EDMS TCM Client TR Date: 28-Dec-2023
Previous: 01;12;2024 00:00:00
2024-01-13 00:41:49;[SUCCESS];Client Document List;4422-VZ-DP-MM5131600400-01;00;UPDATED
EDMS TCM Client TR Date: 28-Dec-2023
Previous: 01;12;2024 00:00:00
2024-01-13 00:41:51;[SUCCESS];Client Document List;4422-VZ-DP-MM5131600500-01;00;UPDATED
EDMS TCM Client TR Date: 28-Dec-2023
Previous: 01;12;2024 00:00:00
2024-01-13 00:41:54;[SUCCESS];Client Document List;4422-VZ-DP-MM5131600600-01;00;UPDATED
EDMS TCM Client TR Date: 28-Dec-2023
Previous: 01;12;2024 00:00:00
2024-01-13 00:41:57;[SUCCESS];Client Document List;4422-VZ-DP-MM5131600700-01;00;UPDATED
EDMS TCM Client TR Date: 28-Dec-2023
Previous: 01;12;2024 00:00:00
2024-01-13 00:42:00;[SUCCESS];Client Document List;4422-VZ-DP-MM5139000002-01;B2;UPDATED
EDMS TCM Client TR Date: 6-Dec-2023
Previous: 12;20;2023 00:00:00
2024-01-13 00:42:03;[SUCCESS];Client Document List;4422-VZ-DP-MM5139000002-01;B2;UPDATED
EDMS TCM Client TR Date: 6-Dec-2023
Previous: 12;20;2023 00:00:00
2024-01-13 00:42:05;[SUCCESS];Client Document List;4422-VZ-DP-MM5139000002-01;B2;UPDATED
EDMS TCM Client TR Date: 6-Dec-2023
Previous: 12;20;2023 00:00:00
2024-01-13 00:42:08;[SUCCESS];Client Document List;4422-VZ-DP-MM5139000002-01;B2;UPDATED
EDMS TCM Client TR Date: 6-Dec-2023
Previous: 12;20;2023 00:00:00
2024-01-13 00:42:12;[SUCCESS];Client Document List;4422-VZ-DP-MM5139000003-01;B2;UPDATED
EDMS TCM Client TR Date: 6-Dec-2023
Previous: 12;20;2023 00:00:00
2024-01-13 00:42:15;[SUCCESS];Client Document List;4422-VZ-DP-MM5139000003-01;B2;UPDATED
EDMS TCM Client TR Date: 6-Dec-2023
Previous: 12;20;2023 00:00:00
2024-01-13 00:42:18;[SUCCESS];Client Document List;4422-VZ-DP-MM5139000003-01;B2;UPDATED
EDMS TCM Client TR Date: 6-Dec-2023
Previous: 12;20;2023 00:00:00
2024-01-13 00:42:21;[SUCCESS];Client Document List;4422-VZ-DP-MM5139000003-01;B2;UPDATED
EDMS TCM Client TR Date: 6-Dec-2023
Previous: 12;20;2023 00:00:00
2024-01-13 00:42:24;[SUCCESS];Client Document List;4422-VZ-DP-MM5141000001-01;B2;UPDATED
EDMS TCM Client TR Date: 1-Dec-2023
Previous: 12;15;2023 00:00:00
2024-01-13 00:42:26;[SUCCESS];Client Document List;4422-VZ-DP-MM5141000002-01;B1;UPDATED
EDMS TCM Client TR Date: 1-Dec-2023
Previous: 12;15;2023 00:00:00
2024-01-13 00:42:30;[SUCCESS];Client Document List;4422-VZ-DP-MM5141000003-01;B2;UPDATED
EDMS TCM Client TR Date: 24-Nov-2023
Previous: 12;08;2023 00:00:00
2024-01-13 00:42:33;[SUCCESS];Client Document List;4422-VZ-DP-MM5141000011-01;B2;UPDATED
EDMS TCM Client TR Date: 24-Nov-2023
Previous: 12;08;2023 00:00:00
2024-01-13 00:42:36;[SUCCESS];Client Document List;4422-VZ-DP-MM5141000012-01;B1;UPDATED
EDMS TCM Client TR Date: 8-Dec-2023
Previous: 12;22;2023 00:00:00
2024-01-13 00:42:39;[SUCCESS];Client Document List;4422-VZ-DP-MM5143000001-01;B2;UPDATED
EDMS TCM Client TR Date: 8-Dec-2023
Previous: 12;22;2023 00:00:00
2024-01-13 00:42:42;[SUCCESS];Client Document List;4422-VZ-DP-MM5147000001-01;B2;UPDATED
EDMS TCM Client TR Date: 24-Nov-2023
Previous: 12;08;2023 00:00:00
2024-01-13 00:42:47;[SUCCESS];Client Document List;4422-VZ-DP-MM5147000002-01;B2;UPDATED
EDMS TCM Client TR Date: 24-Nov-2023
Previous: 12;08;2023 00:00:00
2024-01-13 00:42:49;[SUCCESS];Client Document List;4422-VZ-DP-MM5147000003-01;B2;UPDATED
EDMS TCM Client TR Date: 24-Nov-2023
Previous: 12;08;2023 00:00:00
2024-01-13 00:42:52;[SUCCESS];Client Document List;4422-VZ-DP-MM5149000001-01;B2;UPDATED
EDMS TCM Client TR Date: 6-Dec-2023
Previous: 12;20;2023 00:00:00
2024-01-13 00:42:55;[SUCCESS];Client Document List;4422-VZ-DP-MM5149000001-01;B2;UPDATED
EDMS TCM Client TR Date: 6-Dec-2023
Previous: 12;20;2023 00:00:00
2024-01-13 00:42:58;[SUCCESS];Client Document List;4422-VZ-DP-MM5149000001-01;B2;UPDATED
EDMS TCM Client TR Date: 6-Dec-2023
Previous: 12;20;2023 00:00:00
2024-01-13 00:43:00;[SUCCESS];Client Document List;4422-VZ-DP-MM5149000001-01;B2;UPDATED
EDMS TCM Client TR Date: 6-Dec-2023
Previous: 12;20;2023 00:00:00
2024-01-13 00:43:03;[SUCCESS];Client Document List;4422-VZ-DP-MM5149000002-01;B2;UPDATED
EDMS TCM Client TR Date: 6-Dec-2023
Previous: 12;20;2023 00:00:00
2024-01-13 00:43:06;[SUCCESS];Client Document List;4422-VZ-DP-MM5149000002-01;B2;UPDATED
EDMS TCM Client TR Date: 6-Dec-2023
Previous: 12;20;2023 00:00:00
2024-01-13 00:43:09;[SUCCESS];Client Document List;4422-VZ-DP-MM5149000002-01;B2;UPDATED
EDMS TCM Client TR Date: 6-Dec-2023
Previous: 12;20;2023 00:00:00
2024-01-13 00:43:12;[SUCCESS];Client Document List;4422-VZ-DP-MM5149000002-01;B2;UPDATED
EDMS TCM Client TR Date: 6-Dec-2023
Previous: 12;20;2023 00:00:00
2024-01-13 00:43:15;[SUCCESS];Client Document List;4422-VZ-DP-MM5151000100-01;B2;UPDATED
EDMS TCM Client TR Date: 24-Nov-2023
Previous: 12;08;2023 00:00:00
2024-01-13 00:43:17;[SUCCESS];Client Document List;4422-VZ-DP-MM5151000200-01;B2;UPDATED
EDMS TCM Client TR Date: 24-Nov-2023
Previous: 12;08;2023 00:00:00
2024-01-13 00:43:20;[SUCCESS];Client Document List;4422-VZ-DP-MM5151000300-01;B2;UPDATED
EDMS TCM Client TR Date: 1-Dec-2023
Previous: 12;15;2023 00:00:00
2024-01-13 00:43:23;[SUCCESS];Client Document List;4422-VZ-DP-MM5151000400-01;B2;UPDATED
EDMS TCM Client TR Date: 8-Dec-2023
Previous: 12;22;2023 00:00:00
2024-01-13 00:43:25;[SUCCESS];Client Document List;4422-VZ-DP-MM5151000500-01;B2;UPDATED
EDMS TCM Client TR Date: 2-Dec-2023
Previous: 12;16;2023 00:00:00
2024-01-13 00:43:28;[SUCCESS];Client Document List;4422-VZ-DP-MM5151000600-01;B2;UPDATED
EDMS TCM Client TR Date: 8-Dec-2023
Previous: 12;22;2023 00:00:00
2024-01-13 00:43:31;[SUCCESS];Client Document List;4422-VZ-DP-MM5151000700-01;B2;UPDATED
EDMS TCM Client TR Date: 8-Dec-2023
Previous: 12;22;2023 00:00:00
2024-01-13 00:43:33;[SUCCESS];Client Document List;4422-VZ-DP-MM5151600100-01;00;UPDATED
EDMS TCM Client TR Date: 28-Dec-2023
Previous: 01;12;2024 00:00:00
2024-01-13 00:43:36;[SUCCESS];Client Document List;4422-VZ-DP-MM5151600200-01;00;UPDATED
EDMS TCM Client TR Date: 28-Dec-2023
Previous: 01;12;2024 00:00:00
2024-01-13 00:43:39;[SUCCESS];Client Document List;4422-VZ-DP-MM5151600300-01;00;UPDATED
EDMS TCM Client TR Date: 28-Dec-2023
Previous: 01;12;2024 00:00:00
2024-01-13 00:43:42;[SUCCESS];Client Document List;4422-VZ-DP-MM5151600400-01;00;UPDATED
EDMS TCM Client TR Date: 28-Dec-2023
Previous: 01;12;2024 00:00:00
2024-01-13 00:43:44;[SUCCESS];Client Document List;4422-VZ-DP-MM5151600500-01;00;UPDATED
EDMS TCM Client TR Date: 28-Dec-2023
Previous: 01;12;2024 00:00:00
2024-01-13 00:43:47;[SUCCESS];Client Document List;4422-VZ-DP-MM5151600600-01;00;UPDATED
EDMS TCM Client TR Date: 28-Dec-2023
Previous: 01;12;2024 00:00:00
2024-01-13 00:43:50;[SUCCESS];Client Document List;4422-VZ-DP-MM5151600700-01;00;UPDATED
EDMS TCM Client TR Date: 28-Dec-2023
Previous: 01;12;2024 00:00:00
2024-01-13 00:43:53;[SUCCESS];Client Document List;4422-VZ-DP-MM5156000100-01;B2;UPDATED
EDMS TCM Client TR Date: 1-Dec-2023
Previous: 12;15;2023 00:00:00
2024-01-13 00:43:56;[SUCCESS];Client Document List;4422-VZ-DP-MM5156000200-01;B2;UPDATED
EDMS TCM Client TR Date: 1-Dec-2023
Previous: 12;15;2023 00:00:00
2024-01-13 00:43:58;[SUCCESS];Client Document List;4422-VZ-DP-MM5156000300-01;B2;UPDATED
EDMS TCM Client TR Date: 1-Dec-2023
Previous: 12;15;2023 00:00:00
2024-01-13 00:44:01;[SUCCESS];Client Document List;4422-VZ-DP-MM5156000400-01;B2;UPDATED
EDMS TCM Client TR Date: 1-Dec-2023
Previous: 12;15;2023 00:00:00
2024-01-13 00:44:04;[SUCCESS];Client Document List;4422-VZ-DP-MM5156000500-01;B2;UPDATED
EDMS TCM Client TR Date: 8-Dec-2023
Previous: 12;22;2023 00:00:00
2024-01-13 00:44:07;[SUCCESS];Client Document List;4422-VZ-DP-MM5156000600-01;B2;UPDATED
EDMS TCM Client TR Date: 1-Dec-2023
Previous: 12;15;2023 00:00:00
2024-01-13 00:44:09;[SUCCESS];Client Document List;4422-VZ-DP-MM5156600100-01;00;UPDATED
EDMS TCM Client TR Date: 28-Dec-2023
Previous: 01;12;2024 00:00:00
2024-01-13 00:44:12;[SUCCESS];Client Document List;4422-VZ-DP-MM5156600200-01;00;UPDATED
EDMS TCM Client TR Date: 28-Dec-2023
Previous: 01;12;2024 00:00:00
2024-01-13 00:44:15;[SUCCESS];Client Document List;4422-VZ-DP-MM5156600300-01;00;UPDATED
EDMS TCM Client TR Date: 28-Dec-2023
Previous: 01;12;2024 00:00:00
2024-01-13 00:44:18;[SUCCESS];Client Document List;4422-VZ-DP-MM5156600400-01;00;UPDATED
EDMS TCM Client TR Date: 28-Dec-2023
Previous: 01;12;2024 00:00:00
2024-01-13 00:44:21;[SUCCESS];Client Document List;4422-VZ-DP-MM5156600500-01;00;UPDATED
EDMS TCM Client TR Date: 28-Dec-2023
Previous: 01;12;2024 00:00:00
2024-01-13 00:44:24;[SUCCESS];Client Document List;4422-VZ-DP-MM5156600600-01;00;UPDATED
EDMS TCM Client TR Date: 28-Dec-2023
Previous: 01;12;2024 00:00:00
2024-01-13 00:44:26;[SUCCESS];Client Document List;4422-VZ-DP-MM5159000001-01;B2;UPDATED
EDMS TCM Client TR Date: 11-Dec-2023
Previous: 12;25;2023 00:00:00
2024-01-13 00:44:29;[SUCCESS];Client Document List;4422-VZ-DP-MM5159000002-01;B2;UPDATED
EDMS TCM Client TR Date: 11-Dec-2023
Previous: 12;25;2023 00:00:00
2024-01-13 00:44:32;[SUCCESS];Client Document List;4422-VZ-DP-MM5159000003-01;B2;UPDATED
EDMS TCM Client TR Date: 11-Dec-2023
Previous: 12;25;2023 00:00:00
2024-01-13 00:44:35;[SUCCESS];Client Document List;4422-VZ-DP-MM5159000004-01;B2;UPDATED
EDMS TCM Client TR Date: 11-Dec-2023
Previous: 12;25;2023 00:00:00
2024-01-13 00:44:38;[SUCCESS];Client Document List;4422-VZ-DP-MM5159000005-01;B2;UPDATED
EDMS TCM Client TR Date: 11-Dec-2023
Previous: 12;25;2023 00:00:00
2024-01-13 00:44:41;[SUCCESS];Client Document List;4422-VZ-DP-MM5159000009-01;B2;UPDATED
EDMS TCM Client TR Date: 11-Dec-2023
Previous: 12;25;2023 00:00:00
2024-01-13 00:44:44;[SUCCESS];Client Document List;4422-VZ-DP-MM5166000001-01;B2;UPDATED
EDMS TCM Client TR Date: 11-Dec-2023
Previous: 12;25;2023 00:00:00
2024-01-13 00:44:47;[SUCCESS];Client Document List;4422-VZ-DP-MM5166000002-01;B2;UPDATED
EDMS TCM Client TR Date: 11-Dec-2023
Previous: 12;25;2023 00:00:00
2024-01-13 00:44:50;[SUCCESS];Client Document List;4422-VZ-DP-MM5166000003-01;B2;UPDATED
EDMS TCM Client TR Date: 11-Dec-2023
Previous: 12;25;2023 00:00:00
2024-01-13 00:44:53;[SUCCESS];Client Document List;4422-VZ-DP-MM5166000004-01;B2;UPDATED
EDMS TCM Client TR Date: 11-Dec-2023
Previous: 12;25;2023 00:00:00
2024-01-13 00:44:56;[SUCCESS];Client Document List;4422-VZ-DP-MM5166000005-01;B2;UPDATED
EDMS TCM Client TR Date: 11-Dec-2023
Previous: 12;25;2023 00:00:00
2024-01-13 00:44:59;[SUCCESS];Client Document List;4422-VZ-DP-MM5166000006-01;B2;UPDATED
EDMS TCM Client TR Date: 11-Dec-2023
Previous: 12;25;2023 00:00:00
2024-01-13 00:45:03;[SUCCESS];Client Document List;4422-VZ-DP-MM5166000008-01;B2;UPDATED
EDMS TCM Client TR Date: 11-Dec-2023
Previous: 12;25;2023 00:00:00
2024-01-13 00:45:05;[SUCCESS];Client Document List;4422-VZ-DP-MM5171000001-01;B2;UPDATED
EDMS TCM Client TR Date: 11-Dec-2023
Previous: 12;25;2023 00:00:00
2024-01-13 00:45:08;[SUCCESS];Client Document List;4422-VZ-DP-MM5171000002-01;B2;UPDATED
EDMS TCM Client TR Date: 11-Dec-2023
Previous: 12;25;2023 00:00:00
2024-01-13 00:45:11;[SUCCESS];Client Document List;4422-VZ-DP-MM5171000003-01;A1;UPDATED
EDMS TCM Client TR Date: 11-Dec-2023
Previous: 12;25;2023 00:00:00
2024-01-13 00:45:14;[SUCCESS];Client Document List;4422-VZ-DP-MM5171000004-01;A1;UPDATED
EDMS TCM Client TR Date: 11-Dec-2023
Previous: 12;25;2023 00:00:00
2024-01-13 00:45:16;[SUCCESS];Client Document List;4422-VZ-DP-MM5174300100-01;A1;UPDATED
EDMS TCM Client TR Date: 8-Dec-2023
Previous: 12;22;2023 00:00:00
2024-01-13 00:45:21;[SUCCESS];Client Document List;4422-VZ-DP-MM5174300200-01;A1;UPDATED
EDMS TCM Client TR Date: 8-Dec-2023
Previous: 12;22;2023 00:00:00
2024-01-13 00:45:23;[SUCCESS];Client Document List;4422-VZ-DP-MM5174300300-01;A1;UPDATED
EDMS TCM Client TR Date: 8-Dec-2023
Previous: 12;22;2023 00:00:00
2024-01-13 00:45:26;[SUCCESS];Client Document List;4422-VZ-DP-MM5174300400-01;A1;UPDATED
EDMS TCM Client TR Date: 8-Dec-2023
Previous: 12;22;2023 00:00:00
2024-01-13 00:45:29;[SUCCESS];Client Document List;4422-VZ-DP-MM5174300500-01;A1;UPDATED
EDMS TCM Client TR Date: 8-Dec-2023
Previous: 12;22;2023 00:00:00
2024-01-13 00:45:32;[SUCCESS];Client Document List;4422-VZ-DP-MM5174300600-01;A1;UPDATED
EDMS TCM Client TR Date: 8-Dec-2023
Previous: 12;22;2023 00:00:00
2024-01-13 00:45:35;[SUCCESS];Client Document List;4422-VZ-DP-MM5174300800-01;A1;UPDATED
EDMS TCM Client TR Date: 8-Dec-2023
Previous: 12;22;2023 00:00:00
2024-01-13 00:45:38;[SUCCESS];Client Document List;4422-VZ-DP-MM5174301000-01;A1;UPDATED
EDMS TCM Client TR Date: 8-Dec-2023
Previous: 12;22;2023 00:00:00
2024-01-13 00:45:41;[SUCCESS];Client Document List;4422-VZ-DP-MM5182000001-01;B3;UPDATED
EDMS TCM Client TR Date: 11-Dec-2023
Previous: 12;25;2023 00:00:00
2024-01-13 00:45:43;[SUCCESS];Client Document List;4422-VZ-DP-MM5182000002-01;01;UPDATED
EDMS TCM Client TR Date: 11-Dec-2023
Previous: 12;25;2023 00:00:00
2024-01-13 00:45:46;[SUCCESS];Client Document List;4422-VZ-DP-MM5182000003-01;01;UPDATED
EDMS TCM Client TR Date: 11-Dec-2023
Previous: 12;25;2023 00:00:00
2024-01-13 00:45:49;[SUCCESS];Client Document List;4422-VZ-DP-MM5182000004-01;B2;UPDATED
EDMS TCM Client TR Date: 11-Dec-2023
Previous: 12;25;2023 00:00:00
2024-01-13 00:45:52;[SUCCESS];Client Document List;4422-VZ-DP-MM5192000001-01;B3;UPDATED
EDMS TCM Client TR Date: 11-Dec-2023
Previous: 12;25;2023 00:00:00
2024-01-13 00:45:54;[SUCCESS];Client Document List;4422-VZ-DP-MM5192000002-01;B2;UPDATED
EDMS TCM Client TR Date: 11-Dec-2023
Previous: 12;25;2023 00:00:00
2024-01-13 00:45:57;[SUCCESS];Client Document List;4422-VZ-DP-MM5192000004-01;B2;UPDATED
EDMS TCM Client TR Date: 11-Dec-2023
Previous: 12;25;2023 00:00:00
2024-01-13 00:46:00;[SUCCESS];Client Document List;4422-VZ-DP-MM5192000005-01;B2;UPDATED
EDMS TCM Client TR Date: 11-Dec-2023
Previous: 12;25;2023 00:00:00
2024-01-13 00:46:03;[SUCCESS];Client Document List;4422-VZ-DP-MM5192000006-01;B2;UPDATED
EDMS TCM Client TR Date: 11-Dec-2023
Previous: 12;25;2023 00:00:00
2024-01-13 00:46:05;[SUCCESS];Client Document List;4422-VZ-DP-MM5192000007-01;B2;UPDATED
EDMS TCM Client TR Date: 11-Dec-2023
Previous: 12;25;2023 00:00:00
2024-01-13 00:46:08;[SUCCESS];Client Document List;4422-VZ-DP-MM5192000008-01;B2;UPDATED
EDMS TCM Client TR Date: 11-Dec-2023
Previous: 12;25;2023 00:00:00
2024-01-13 00:46:11;[SUCCESS];Client Document List;4422-VZ-DP-MM5192000009-01;B2;UPDATED
EDMS TCM Client TR Date: 11-Dec-2023
Previous: 12;25;2023 00:00:00
2024-01-13 00:46:14;[SUCCESS];Client Document List;4422-VZ-DP-MM5193000002-01;B2;UPDATED
EDMS TCM Client TR Date: 11-Dec-2023
Previous: 12;25;2023 00:00:00
2024-01-13 00:46:16;[SUCCESS];Client Document List;4422-VZ-DP-MM5193000003-01;B2;UPDATED
EDMS TCM Client TR Date: 11-Dec-2023
Previous: 12;25;2023 00:00:00
2024-01-13 00:46:19;[SUCCESS];Client Document List;4422-VZ-DP-MM5193000100-01;B2;UPDATED
EDMS TCM Client TR Date: 11-Dec-2023
Previous: 12;25;2023 00:00:00
2024-01-13 00:46:22;[SUCCESS];Client Document List;4422-VZ-RT-000000000031;E1;UPDATED
EDMS TCM Client TR Date: 3-Jan-2024
Previous: 01;17;2024 00:00:00
2024-01-13 00:46:25;[SUCCESS];Client Document List;4422-VZ-RT-000000000051;E1;UPDATED
EDMS TCM Client TR Date: 4-Jan-2024
Previous: 01;18;2024 00:00:00
2024-01-13 00:46:28;[SUCCESS];Client Document List;4422-VZ-RT-000000000056;E1;UPDATED
EDMS TCM Client TR Date: 4-Jan-2024
Previous: 01;18;2024 00:00:00
2024-01-13 00:46:30;[SUCCESS];Client Document List;4422-VZ-SG-001000000005;01;UPDATED
EDMS TCM Client TR Date: 1-Dec-2023
Previous: 12;15;2023 00:00:00
2024-01-13 00:46:33;[SUCCESS];Client Document List;4422-VZ-SG-001000000007;01;UPDATED
EDMS TCM Client TR Date: 1-Dec-2023
Previous: 12;15;2023 00:00:00
2024-01-13 00:46:36;[SUCCESS];Client Document List;4422-VZ-SG-001000000008;01;UPDATED
EDMS TCM Client TR Date: 29-Dec-2023
Previous: 01;15;2024 00:00:00
2024-01-13 00:46:38;[SUCCESS];Client Document List;4422-VZ-SG-001000000022;00;UPDATED
EDMS TCM Client TR Date: 16-Dec-2023
Previous: 01;01;2024 00:00:00
2024-01-13 00:46:41;[SUCCESS];Client Document List;4422-VZ-SG-001000000040;00;UPDATED
EDMS TCM Client TR Date: 16-Dec-2023
Previous: 01;01;2024 00:00:00
2024-01-13 00:46:44;[SUCCESS];Client Document List;4422-WD-FP-MM5126TK1010;00;UPDATED
EDMS TCM Client TR Date: 21-Dec-2023
Previous: 01;04;2024 00:00:00
2024-01-13 00:46:47;[SUCCESS];Client Document List;4422-WD-FP-MM5126TK1020;00;UPDATED
EDMS TCM Client TR Date: 21-Dec-2023
Previous: 01;04;2024 00:00:00
2024-01-13 00:46:50;[SUCCESS];Client Document List;4422-WD-FP-MM5135TK2020;00;UPDATED
EDMS TCM Client TR Date: 23-Dec-2023
Previous: 01;12;2024 00:00:00
2024-01-13 00:46:52;[SUCCESS];Client Document List;4422-WD-FP-MM5135TK2030;00;UPDATED
EDMS TCM Client TR Date: 23-Dec-2023
Previous: 01;12;2024 00:00:00
2024-01-13 00:46:55;[SUCCESS];Client Document List;4422-WD-FP-MM5135TK2040;00;UPDATED
EDMS TCM Client TR Date: 23-Dec-2023
Previous: 01;12;2024 00:00:00
2024-01-13 00:46:58;[SUCCESS];Client Document List;4422-WD-FP-MM5135TK3010;00;UPDATED
EDMS TCM Client TR Date: 23-Dec-2023
Previous: 01;12;2024 00:00:00
2024-01-13 00:47:00;[SUCCESS];Client Document List;4422-WD-FP-MM5135V2060A;00;UPDATED
EDMS TCM Client TR Date: 21-Dec-2023
Previous: 01;04;2024 00:00:00
2024-01-13 00:47:03;[SUCCESS];Client Document List;4422-WD-FP-MM5135V2060B;00;UPDATED
EDMS TCM Client TR Date: 21-Dec-2023
Previous: 01;04;2024 00:00:00
2024-01-13 00:47:06;[SUCCESS];Client Document List;4422-WD-FP-MM5145V10100;00;UPDATED
EDMS TCM Client TR Date: 23-Dec-2023
Previous: 01;12;2024 00:00:00
2024-01-13 00:47:09;[SUCCESS];Client Document List;4422-WD-FP-MM5155V10100;00;UPDATED
EDMS TCM Client TR Date: 23-Dec-2023
Previous: 01;12;2024 00:00:00
2024-01-13 00:47:12;[SUCCESS];Client Document List;4422-WD-FP-MM5161TK1020;00;UPDATED
EDMS TCM Client TR Date: 15-Dec-2023
Previous: 12;29;2023 00:00:00
2024-01-13 00:47:15;[SUCCESS];Client Document List;4422-WD-FP-MM5161TK1030;00;UPDATED
EDMS TCM Client TR Date: 22-Dec-2023
Previous: 01;05;2024 00:00:00
2024-01-13 00:47:17;[SUCCESS];Client Document List;4422-WD-FP-MM5162DA1100;00;UPDATED
EDMS TCM Client TR Date: 22-Dec-2023
Previous: 01;05;2024 00:00:00
2024-01-13 00:47:20;[SUCCESS];Client Document List;4422-WD-FP-MM5162TK1010;00;UPDATED
EDMS TCM Client TR Date: 21-Dec-2023
Previous: 01;04;2024 00:00:00
2024-01-13 00:47:23;[SUCCESS];Client Document List;4422-WD-FP-MM5162TK1020;00;UPDATED
EDMS TCM Client TR Date: 14-Dec-2023
Previous: 12;28;2023 00:00:00
2024-01-13 00:47:25;[SUCCESS];Client Document List;4422-WD-FP-MM5162TK1060;00;UPDATED
EDMS TCM Client TR Date: 21-Dec-2023
Previous: 01;04;2024 00:00:00
2024-01-13 00:47:28;[SUCCESS];Client Document List;4422-WD-FP-MM5163V10100;00;UPDATED
EDMS TCM Client TR Date: 24-Nov-2023
Previous: 12;08;2023 00:00:00
2024-01-13 00:47:31;[SUCCESS];Client Document List;4422-WD-FP-MM5164TK1010;00;UPDATED
EDMS TCM Client TR Date: 27-Dec-2023
Previous: 01;10;2024 00:00:00
2024-01-13 00:47:34;[SUCCESS];Client Document List;4422-WD-FP-MM5164TK1020;00;UPDATED
EDMS TCM Client TR Date: 27-Dec-2023
Previous: 01;10;2024 00:00:00
2024-01-13 00:47:37;[SUCCESS];Client Document List;4422-WD-FP-MM5169TK1010;00;UPDATED
EDMS TCM Client TR Date: 23-Dec-2023
Previous: 01;12;2024 00:00:00
2024-01-13 00:47:40;[SUCCESS];Client Document List;4422-WD-FP-MM5172TK1010;00;UPDATED
EDMS TCM Client TR Date: 20-Dec-2023
Previous: 01;03;2024 00:00:00
2024-01-13 00:47:43;[SUCCESS];Client Document List;4422-WD-FP-MM5175V10100;00;UPDATED
EDMS TCM Client TR Date: 12-Dec-2023
Previous: 12;26;2023 00:00:00
2024-01-13 00:47:45;[SUCCESS];Client Document List;4422-WD-FP-MM5175V10100;00;UPDATED
EDMS TCM Client TR Date: 12-Dec-2023
Previous: 12;26;2023 00:00:00
2024-01-13 00:47:48;[SUCCESS];Client Document List;4422-WD-FP-MM5175V10100;00;UPDATED
EDMS TCM Client TR Date: 12-Dec-2023
Previous: 12;26;2023 00:00:00
2024-01-13 00:47:51;[SUCCESS];Client Document List;4422-WD-FP-MM5175V10100;00;UPDATED
EDMS TCM Client TR Date: 12-Dec-2023
Previous: 12;26;2023 00:00:00
2024-01-13 00:47:54;[SUCCESS];Client Document List;4422-WE-FP-MM5155E10100;00;UPDATED
EDMS TCM Client TR Date: 24-Nov-2023
Previous: 12;07;2023 00:00:00
2024-01-13 00:47:57;[SUCCESS];Client Document List;4422-WE-FP-MM5162E10300;00;UPDATED
EDMS TCM Client TR Date: 12-Dec-2023
Previous: 12;26;2023 00:00:00
2024-01-13 00:47:59;[SUCCESS];Client Document List;4422-WE-FP-MM5162E10300;00;UPDATED
EDMS TCM Client TR Date: 12-Dec-2023
Previous: 12;26;2023 00:00:00
2024-01-13 00:48:03;[SUCCESS];Client Document List;4422-WE-FP-MM5162E10300;00;UPDATED
EDMS TCM Client TR Date: 12-Dec-2023
Previous: 12;26;2023 00:00:00
2024-01-13 00:48:07;[SUCCESS];Client Document List;4422-WE-FP-MM5162E10300;00;UPDATED
EDMS TCM Client TR Date: 12-Dec-2023
Previous: 12;26;2023 00:00:00
2024-01-13 00:48:09;[SUCCESS];Client Document List;4422-WE-FP-MM5162E10400;00;UPDATED
EDMS TCM Client TR Date: 12-Dec-2023
Previous: 12;26;2023 00:00:00
2024-01-13 00:48:12;[SUCCESS];Client Document List;4422-WE-FP-MM5162E10400;00;UPDATED
EDMS TCM Client TR Date: 12-Dec-2023
Previous: 12;26;2023 00:00:00
2024-01-13 00:48:15;[SUCCESS];Client Document List;4422-WE-FP-MM5162E10400;00;UPDATED
EDMS TCM Client TR Date: 12-Dec-2023
Previous: 12;26;2023 00:00:00
2024-01-13 00:48:18;[SUCCESS];Client Document List;4422-WE-FP-MM5162E10400;00;UPDATED
EDMS TCM Client TR Date: 12-Dec-2023
Previous: 12;26;2023 00:00:00
2024-01-13 00:48:21;[SUCCESS];Client Document List;4422-WE-FP-MM5162E10500;A1;UPDATED
EDMS TCM Client TR Date: 24-Nov-2023
Previous: 12;08;2023 00:00:00
2024-01-13 00:48:26;[SUCCESS];Client Document List;4422-WE-FP-MM5175E10100;00;UPDATED
EDMS TCM Client TR Date: 12-Dec-2023
Previous: 12;26;2023 00:00:00
2024-01-13 00:48:28;[SUCCESS];Client Document List;4422-WE-FP-MM5175E10100;00;UPDATED
EDMS TCM Client TR Date: 12-Dec-2023
Previous: 12;26;2023 00:00:00
2024-01-13 00:48:31;[SUCCESS];Client Document List;4422-WE-FP-MM5175E10100;00;UPDATED
EDMS TCM Client TR Date: 12-Dec-2023
Previous: 12;26;2023 00:00:00
2024-01-13 00:48:34;[SUCCESS];Client Document List;4422-WE-FP-MM5175E10100;00;UPDATED
EDMS TCM Client TR Date: 12-Dec-2023
Previous: 12;26;2023 00:00:00
2024-01-13 00:48:37;[SUCCESS];Client Document List;4422-WE-FP-MM5175E10300;00;UPDATED
EDMS TCM Client TR Date: 12-Dec-2023
Previous: 12;26;2023 00:00:00
2024-01-13 00:48:39;[SUCCESS];Client Document List;4422-WE-FP-MM5175E10300;00;UPDATED
EDMS TCM Client TR Date: 12-Dec-2023
Previous: 12;26;2023 00:00:00
2024-01-13 00:48:42;[SUCCESS];Client Document List;4422-WE-FP-MM5175E10300;00;UPDATED
EDMS TCM Client TR Date: 12-Dec-2023
Previous: 12;26;2023 00:00:00
2024-01-13 00:48:45;[SUCCESS];Client Document List;4422-WE-FP-MM5175E10300;00;UPDATED
EDMS TCM Client TR Date: 12-Dec-2023
Previous: 12;26;2023 00:00:00
2024-01-13 00:48:48;[SUCCESS];Client Document List;4422-WE-FP-MM5175E10400;00;UPDATED
EDMS TCM Client TR Date: 12-Dec-2023
Previous: 12;26;2023 00:00:00
2024-01-13 00:48:51;[SUCCESS];Client Document List;4422-WE-FP-MM5175E10400;00;UPDATED
EDMS TCM Client TR Date: 12-Dec-2023
Previous: 12;26;2023 00:00:00
2024-01-13 00:48:54;[SUCCESS];Client Document List;4422-WE-FP-MM5175E10400;00;UPDATED
EDMS TCM Client TR Date: 12-Dec-2023
Previous: 12;26;2023 00:00:00
2024-01-13 00:48:56;[SUCCESS];Client Document List;4422-WE-FP-MM5175E10400;00;UPDATED
EDMS TCM Client TR Date: 12-Dec-2023
Previous: 12;26;2023 00:00:00
2024-01-13 00:48:59;[SUCCESS];Client Document List;4422-WG-FP-MM5126P10100;00;UPDATED
EDMS TCM Client TR Date: 7-Dec-2023
Previous: 12;21;2023 00:00:00
2024-01-13 00:49:02;[SUCCESS];Client Document List;4422-WG-FP-MM5126P10200;00;UPDATED
EDMS TCM Client TR Date: 7-Dec-2023
Previous: 12;21;2023 00:00:00
2024-01-13 00:49:05;[SUCCESS];Client Document List;4422-WG-FP-MM5126P10300;00;UPDATED
EDMS TCM Client TR Date: 15-Dec-2023
Previous: 12;29;2023 00:00:00
2024-01-13 00:49:07;[SUCCESS];Client Document List;4422-WG-FP-MM5126P10400;00;UPDATED
EDMS TCM Client TR Date: 14-Dec-2023
Previous: 12;28;2023 00:00:00
2024-01-13 00:49:10;[SUCCESS];Client Document List;4422-WG-FP-MM5128P30100;00;UPDATED
EDMS TCM Client TR Date: 16-Dec-2023
Previous: 01;01;2024 00:00:00
2024-01-13 00:49:13;[SUCCESS];Client Document List;4422-WG-FP-MM5145P10100;00;UPDATED
EDMS TCM Client TR Date: 2-Dec-2023
Previous: 12;16;2023 00:00:00
2024-01-13 00:49:16;[SUCCESS];Client Document List;4422-WG-FP-MM5145P10200;00;UPDATED
EDMS TCM Client TR Date: 2-Dec-2023
Previous: 12;02;2023 00:00:00
2024-01-13 00:49:19;[SUCCESS];Client Document List;4422-WG-FP-MM5161P10200;00;UPDATED
EDMS TCM Client TR Date: 15-Dec-2023
Previous: 12;29;2023 00:00:00
2024-01-13 00:49:21;[SUCCESS];Client Document List;4422-WG-FP-MM5161P10300;00;UPDATED
EDMS TCM Client TR Date: 22-Dec-2023
Previous: 01;05;2024 00:00:00
2024-01-13 00:49:24;[SUCCESS];Client Document List;4422-WG-FP-MM5162P10200;B2;UPDATED
EDMS TCM Client TR Date: 24-Nov-2023
Previous: 12;08;2023 00:00:00
2024-01-13 00:49:27;[SUCCESS];Client Document List;4422-WG-FP-MM5162P10500;00;UPDATED
EDMS TCM Client TR Date: 15-Dec-2023
Previous: 12;29;2023 00:00:00
2024-01-13 00:49:30;[SUCCESS];Client Document List;4422-WG-FP-MM5162P10700;00;UPDATED
EDMS TCM Client TR Date: 5-Dec-2023
Previous: 12;19;2023 00:00:00
2024-01-13 00:49:33;[SUCCESS];Client Document List;4422-WG-FP-MM5172P10100;00;UPDATED
EDMS TCM Client TR Date: 16-Dec-2023
Previous: 01;01;2024 00:00:00
2024-01-13 00:49:36;[SUCCESS];Client Document List;4422-WG-FP-MM5172P10500;00;UPDATED
EDMS TCM Client TR Date: 16-Dec-2023
Previous: 01;01;2024 00:00:00
2024-01-13 00:49:39;[SUCCESS];Client Document List;4422-WG-FP-MM5172P10900;00;UPDATED
EDMS TCM Client TR Date: 16-Dec-2023
Previous: 01;01;2024 00:00:00
2024-01-13 00:49:41;[SUCCESS];Client Document List;4422-WG-FP-MM5172P30100;00;UPDATED
EDMS TCM Client TR Date: 16-Dec-2023
Previous: 01;01;2024 00:00:00
2024-01-13 00:49:44;[SUCCESS];Client Document List;4422-WG-FP-MM5175P10100;00;UPDATED
EDMS TCM Client TR Date: 20-Dec-2023
Previous: 01;03;2024 00:00:00
2024-01-13 00:49:47;[SUCCESS];Client Document List;4422-WW-DP-MM5128000001-01;B1;UPDATED
EDMS TCM Client TR Date: 23-Dec-2023
Previous: 01;08;2024 00:00:00
2024-01-13 00:49:49;[SUCCESS];Client Document List;4422-WW-DP-MM5128000002-01;B1;UPDATED
EDMS TCM Client TR Date: 23-Dec-2023
Previous: 01;08;2024 00:00:00
2024-01-13 00:49:52;[SUCCESS];Client Document List;4422-WW-DP-MM5128000003-01;B1;UPDATED
EDMS TCM Client TR Date: 23-Dec-2023
Previous: 01;08;2024 00:00:00
2024-01-13 00:49:55;[SUCCESS];Client Document List;4422-WW-DP-MM5145000001-01;B1;UPDATED
EDMS TCM Client TR Date: 29-Dec-2023
Previous: 01;15;2024 00:00:00
2024-01-13 00:49:58;[SUCCESS];Client Document List;4422-WW-DP-MM5155000001-01;B1;UPDATED
EDMS TCM Client TR Date: 23-Dec-2023
Previous: 01;08;2024 00:00:00
2024-01-13 00:50:01;[SUCCESS];Client Document List;4422-WW-DP-MM5162000001-01;B1;UPDATED
EDMS TCM Client TR Date: 23-Dec-2023
Previous: 01;08;2024 00:00:00
2024-01-13 00:50:04;[SUCCESS];Client Document List;4422-WW-DP-MM5162000002-01;B1;UPDATED
EDMS TCM Client TR Date: 23-Dec-2023
Previous: 01;08;2024 00:00:00
2024-01-13 00:50:06;[SUCCESS];Client Document List;4422-WW-DP-MM5162000003-01;B1;UPDATED
EDMS TCM Client TR Date: 23-Dec-2023
Previous: 01;08;2024 00:00:00
2024-01-13 00:50:09;[SUCCESS];Client Document List;4422-WW-DP-MM5162000004-01;B1;UPDATED
EDMS TCM Client TR Date: 23-Dec-2023
Previous: 01;08;2024 00:00:00
2024-01-13 00:50:12;[SUCCESS];Client Document List;4422-WW-DP-MM5162000005-01;B1;UPDATED
EDMS TCM Client TR Date: 23-Dec-2023
Previous: 01;08;2024 00:00:00
2024-01-13 00:50:15;[SUCCESS];Client Document List;4422-WW-DP-MM5162000006-01;B1;UPDATED
EDMS TCM Client TR Date: 23-Dec-2023
Previous: 01;08;2024 00:00:00
2024-01-13 00:50:18;[SUCCESS];Client Document List;4422-WW-DP-MM5162000010-01;B1;UPDATED
EDMS TCM Client TR Date: 23-Dec-2023
Previous: 01;08;2024 00:00:00
2024-01-13 00:50:21;[SUCCESS];Client Document List;4422-WW-DP-MM5165000001-01;B1;UPDATED
EDMS TCM Client TR Date: 23-Dec-2023
Previous: 01;08;2024 00:00:00
2024-01-13 00:50:30;[SUCCESS];Client Document List;4422-WW-DP-MM5169000001-01;B1;UPDATED
EDMS TCM Client TR Date: 23-Dec-2023
Previous: 01;08;2024 00:00:00
2024-01-13 00:50:33;[SUCCESS];Client Document List;4422-WY-FP-MM5128ME1010;00;UPDATED
EDMS TCM Client TR Date: 24-Nov-2023
Previous: 12;07;2023 00:00:00
2024-01-13 00:50:36;[SUCCESS];Client Document List;4422-WY-FP-MM5128ME1030;00;UPDATED
EDMS TCM Client TR Date: 21-Dec-2023
Previous: 01;04;2024 00:00:00
2024-01-13 00:50:39;[SUCCESS];Client Document List;4422-WY-FP-MM5162ME1020;00;UPDATED
EDMS TCM Client TR Date: 12-Dec-2023
Previous: 12;26;2023 00:00:00
2024-01-13 00:50:41;[SUCCESS];Client Document List;4422-WY-FP-MM5162ME1020;00;UPDATED
EDMS TCM Client TR Date: 12-Dec-2023
Previous: 12;26;2023 00:00:00
2024-01-13 00:50:44;[SUCCESS];Client Document List;4422-WY-FP-MM5162ME1020;00;UPDATED
EDMS TCM Client TR Date: 12-Dec-2023
Previous: 12;26;2023 00:00:00
2024-01-13 00:50:47;[SUCCESS];Client Document List;4422-WY-FP-MM5162ME1020;00;UPDATED
EDMS TCM Client TR Date: 12-Dec-2023
Previous: 12;26;2023 00:00:00
2024-01-13 00:50:50;[SUCCESS];Client Document List;4422-WY-FP-MM5162ME1050;00;UPDATED
EDMS TCM Client TR Date: 15-Dec-2023
Previous: 12;29;2023 00:00:00
2024-01-13 00:50:53;[SUCCESS];Client Document List;4422-WY-FP-MM5162ME1070;00;UPDATED
EDMS TCM Client TR Date: 14-Dec-2023
Previous: 12;28;2023 00:00:00
2024-01-13 00:50:56;[SUCCESS];Client Document List;4422-WY-FP-MM5162ME1080;00;UPDATED
EDMS TCM Client TR Date: 24-Nov-2023
Previous: 12;07;2023 00:00:00
2024-01-13 00:50:59;[SUCCESS];Client Document List;4422-WY-FP-MM5162ME1110;00;UPDATED
EDMS TCM Client TR Date: 24-Nov-2023
Previous: 12;07;2023 00:00:00
2024-01-13 00:51:02;[SUCCESS];Client Document List;4422-WY-FP-MM5163ME1010;00;UPDATED
EDMS TCM Client TR Date: 24-Nov-2023
Previous: 12;08;2023 00:00:00
2024-01-13 00:51:04;[SUCCESS];Client Document List;4422-WZ-CP-MM5162000001;A1;UPDATED
EDMS TCM Client TR Date: 6-Dec-2023
Previous: 12;20;2023 00:00:00
2024-01-13 00:51:07;[SUCCESS];Client Document List;4422-WZ-DM-MM5163000101-01;H2;UPDATED
EDMS TCM Client TR Date: 28-Dec-2023
Previous: 01;11;2024 00:00:00
2024-01-13 00:51:10;[SUCCESS];Client Document List;4422-WZ-DM-MM5163000102-01;H2;UPDATED
EDMS TCM Client TR Date: 28-Dec-2023
Previous: 01;11;2024 00:00:00
2024-01-13 00:51:13;[SUCCESS];Client Document List;4422-WZ-DM-MM5163000103-01;H2;UPDATED
EDMS TCM Client TR Date: 28-Dec-2023
Previous: 01;11;2024 00:00:00
2024-01-13 00:51:16;[SUCCESS];Client Document List;4422-WZ-DM-MM5163001004-01;H2;UPDATED
EDMS TCM Client TR Date: 28-Dec-2023
Previous: 01;11;2024 00:00:00
2024-01-13 00:51:18;[SUCCESS];Client Document List;4422-WZ-DM-MM5163006610-01;H2;UPDATED
EDMS TCM Client TR Date: 28-Dec-2023
Previous: 01;11;2024 00:00:00
2024-01-13 00:51:21;[SUCCESS];Client Document List;4422-WZ-DM-MM5163006610-02;H2;UPDATED
EDMS TCM Client TR Date: 28-Dec-2023
Previous: 01;11;2024 00:00:00
2024-01-13 00:51:24;[SUCCESS];Client Document List;4422-WZ-DM-MM5163006610-03;H2;UPDATED
EDMS TCM Client TR Date: 28-Dec-2023
Previous: 01;11;2024 00:00:00
2024-01-13 00:51:27;[SUCCESS];Client Document List;4422-WZ-DM-MM5163006620-01;H2;UPDATED
EDMS TCM Client TR Date: 28-Dec-2023
Previous: 01;11;2024 00:00:00
2024-01-13 00:51:30;[SUCCESS];Client Document List;4422-WZ-DM-MM5163006620-02;H2;UPDATED
EDMS TCM Client TR Date: 28-Dec-2023
Previous: 01;11;2024 00:00:00
2024-01-13 00:51:33;[SUCCESS];Client Document List;4422-WZ-DM-MM5163006620-03;H2;UPDATED
EDMS TCM Client TR Date: 28-Dec-2023
Previous: 01;11;2024 00:00:00
2024-01-13 00:51:36;[SUCCESS];Client Document List;4422-WZ-DM-MM5172001002-01;H2;UPDATED
EDMS TCM Client TR Date: 28-Dec-2023
Previous: 01;12;2024 00:00:00
2024-01-13 00:51:39;[SUCCESS];Client Document List;4422-WZ-DM-MM5172001002-02;H2;UPDATED
EDMS TCM Client TR Date: 28-Dec-2023
Previous: 01;12;2024 00:00:00
2024-01-13 00:51:42;[SUCCESS];Client Document List;4422-WZ-DM-MM5172001013-01;H2;UPDATED
EDMS TCM Client TR Date: 28-Dec-2023
Previous: 01;11;2024 00:00:00
2024-01-13 00:51:44;[SUCCESS];Client Document List;4422-WZ-DM-MM5172001013-02;H2;UPDATED
EDMS TCM Client TR Date: 28-Dec-2023
Previous: 01;12;2024 00:00:00
2024-01-13 00:51:47;[SUCCESS];Client Document List;4422-WZ-DM-MM5172001017-01;H2;UPDATED
EDMS TCM Client TR Date: 28-Dec-2023
Previous: 01;12;2024 00:00:00
2024-01-13 00:51:50;[SUCCESS];Client Document List;4422-WZ-DM-MM5172001019-01;H2;UPDATED
EDMS TCM Client TR Date: 28-Dec-2023
Previous: 01;12;2024 00:00:00
2024-01-13 00:51:53;[SUCCESS];Client Document List;4422-WZ-DM-MM5172001020-01;H2;UPDATED
EDMS TCM Client TR Date: 28-Dec-2023
Previous: 01;12;2024 00:00:00
2024-01-13 00:51:55;[SUCCESS];Client Document List;4422-WZ-DM-MM5172001023-01;H2;UPDATED
EDMS TCM Client TR Date: 28-Dec-2023
Previous: 01;12;2024 00:00:00
2024-01-13 00:51:58;[SUCCESS];Client Document List;4422-WZ-DM-MM5172001024-01;H2;UPDATED
EDMS TCM Client TR Date: 28-Dec-2023
Previous: 01;12;2024 00:00:00
2024-01-13 00:52:01;[SUCCESS];Client Document List;4422-WZ-DM-MM5172001025-01;H2;UPDATED
EDMS TCM Client TR Date: 28-Dec-2023
Previous: 01;12;2024 00:00:00
2024-01-13 00:52:04;[SUCCESS];Client Document List;4422-WZ-DM-MM5172001026-01;H2;UPDATED
EDMS TCM Client TR Date: 28-Dec-2023
Previous: 01;12;2024 00:00:00
2024-01-13 00:52:07;[SUCCESS];Client Document List;4422-WZ-DM-MM5172001027-01;H2;UPDATED
EDMS TCM Client TR Date: 28-Dec-2023
Previous: 01;12;2024 00:00:00
2024-01-13 00:52:10;[SUCCESS];Client Document List;4422-WZ-DM-MM5172001028-01;H2;UPDATED
EDMS TCM Client TR Date: 28-Dec-2023
Previous: 01;12;2024 00:00:00
2024-01-13 00:52:13;[SUCCESS];Client Document List;4422-WZ-DM-MM5172006610-01;H2;UPDATED
EDMS TCM Client TR Date: 28-Dec-2023
Previous: 01;11;2024 00:00:00
2024-01-13 00:52:15;[SUCCESS];Client Document List;4422-WZ-DM-MM5172006610-02;H2;UPDATED
EDMS TCM Client TR Date: 28-Dec-2023
Previous: 01;12;2024 00:00:00
2024-01-13 00:52:18;[SUCCESS];Client Document List;4422-WZ-DM-MM5172006620-01;H2;UPDATED
EDMS TCM Client TR Date: 28-Dec-2023
Previous: 01;11;2024 00:00:00
2024-01-13 00:52:21;[SUCCESS];Client Document List;4422-WZ-DM-MM5172006620-02;H2;UPDATED
EDMS TCM Client TR Date: 28-Dec-2023
Previous: 01;11;2024 00:00:00
2024-01-13 00:52:24;[SUCCESS];Client Document List;4422-WZ-DM-MM5175006610-01;H2;UPDATED
EDMS TCM Client TR Date: 28-Dec-2023
Previous: 01;11;2024 00:00:00
2024-01-13 00:52:27;[SUCCESS];Client Document List;4422-WZ-DM-MM5175006620-01;H2;UPDATED
EDMS TCM Client TR Date: 28-Dec-2023
Previous: 01;11;2024 00:00:00
2024-01-13 00:52:30;[SUCCESS];Client Document List;4422-WZ-DP-MM5126000001-01;00;UPDATED
EDMS TCM Client TR Date: 24-Nov-2023
Previous: 12;08;2023 00:00:00
2024-01-13 00:52:33;[SUCCESS];Client Document List;4422-WZ-DP-MM5126000002-01;00;UPDATED
EDMS TCM Client TR Date: 24-Nov-2023
Previous: 12;08;2023 00:00:00
2024-01-13 00:52:36;[SUCCESS];Client Document List;4422-WZ-DP-MM5128000002-01;00;UPDATED
EDMS TCM Client TR Date: 24-Nov-2023
Previous: 12;08;2023 00:00:00
2024-01-13 00:52:38;[SUCCESS];Client Document List;4422-WZ-DP-MM5128000003-01;B2;UPDATED
EDMS TCM Client TR Date: 2-Dec-2023
Previous: 12;16;2023 00:00:00
2024-01-13 00:52:41;[SUCCESS];Client Document List;4422-WZ-DP-MM5135000001-01;00;UPDATED
EDMS TCM Client TR Date: 2-Dec-2023
Previous: 12;16;2023 00:00:00
2024-01-13 00:52:44;[SUCCESS];Client Document List;4422-WZ-DP-MM5135000002-01;00;UPDATED
EDMS TCM Client TR Date: 2-Dec-2023
Previous: 12;16;2023 00:00:00
2024-01-13 00:52:47;[SUCCESS];Client Document List;4422-WZ-DP-MM5135000003-01;00;UPDATED
EDMS TCM Client TR Date: 2-Dec-2023
Previous: 12;16;2023 00:00:00
2024-01-13 00:52:50;[SUCCESS];Client Document List;4422-WZ-DP-MM5135000004-01;00;UPDATED
EDMS TCM Client TR Date: 24-Nov-2023
Previous: 12;08;2023 00:00:00
2024-01-13 00:52:52;[SUCCESS];Client Document List;4422-WZ-DP-MM5135000005-01;A1;UPDATED
EDMS TCM Client TR Date: 2-Dec-2023
Previous: 12;16;2023 00:00:00
2024-01-13 00:52:55;[SUCCESS];Client Document List;4422-WZ-DP-MM5145000001-01;00;UPDATED
EDMS TCM Client TR Date: 8-Dec-2023
Previous: 12;22;2023 00:00:00
2024-01-13 00:52:58;[SUCCESS];Client Document List;4422-WZ-DP-MM5155000001-01;00;UPDATED
EDMS TCM Client TR Date: 2-Dec-2023
Previous: 12;16;2023 00:00:00
2024-01-13 00:53:01;[SUCCESS];Client Document List;4422-WZ-DP-MM51620000010-01;00;UPDATED
EDMS TCM Client TR Date: 7-Dec-2023
Previous: 12;21;2023 00:00:00
2024-01-13 00:53:04;[SUCCESS];Client Document List;4422-WZ-DP-MM5162000001-01;00;UPDATED
EDMS TCM Client TR Date: 7-Dec-2023
Previous: 12;21;2023 00:00:00
2024-01-13 00:53:06;[SUCCESS];Client Document List;4422-WZ-DP-MM5162000001-01;00;UPDATED
EDMS TCM Client TR Date: 7-Dec-2023
Previous: 12;21;2023 00:00:00
2024-01-13 00:53:09;[SUCCESS];Client Document List;4422-WZ-DP-MM5162000001-01;00;UPDATED
EDMS TCM Client TR Date: 7-Dec-2023
Previous: 12;21;2023 00:00:00
2024-01-13 00:53:12;[SUCCESS];Client Document List;4422-WZ-DP-MM5162000001-01;00;UPDATED
EDMS TCM Client TR Date: 7-Dec-2023
Previous: 12;21;2023 00:00:00
2024-01-13 00:53:15;[SUCCESS];Client Document List;4422-WZ-DP-MM5162000002-01;00;UPDATED
EDMS TCM Client TR Date: 2-Dec-2023
Previous: 12;16;2023 00:00:00
2024-01-13 00:53:18;[SUCCESS];Client Document List;4422-WZ-DP-MM5162000003-01;B2;UPDATED
EDMS TCM Client TR Date: 2-Dec-2023
Previous: 12;16;2023 00:00:00
2024-01-13 00:53:21;[SUCCESS];Client Document List;4422-WZ-DP-MM5162000005-01;00;UPDATED
EDMS TCM Client TR Date: 24-Nov-2023
Previous: 12;08;2023 00:00:00
2024-01-13 00:53:24;[SUCCESS];Client Document List;4422-WZ-DP-MM5162000006-01;B2;UPDATED
EDMS TCM Client TR Date: 2-Dec-2023
Previous: 12;16;2023 00:00:00
2024-01-13 00:53:26;[SUCCESS];Client Document List;4422-WZ-DP-MM5162000007-01;A1;UPDATED
EDMS TCM Client TR Date: 8-Dec-2023
Previous: 12;22;2023 00:00:00
2024-01-13 00:53:29;[SUCCESS];Client Document List;4422-WZ-DP-MM5163000001-01;B1;UPDATED
EDMS TCM Client TR Date: 2-Dec-2023
Previous: 12;16;2023 00:00:00
2024-01-13 00:53:33;[SUCCESS];Client Document List;4422-WZ-DP-MM5163000002-01;B2;UPDATED
EDMS TCM Client TR Date: 24-Nov-2023
Previous: 12;08;2023 00:00:00
2024-01-13 00:53:36;[SUCCESS];Client Document List;4422-WZ-DP-MM5164000001-01;00;UPDATED
EDMS TCM Client TR Date: 24-Nov-2023
Previous: 12;08;2023 00:00:00
2024-01-13 00:53:39;[SUCCESS];Client Document List;4422-WZ-DP-MM5165000001-01;B2;UPDATED
EDMS TCM Client TR Date: 24-Nov-2023
Previous: 12;08;2023 00:00:00
2024-01-13 00:53:42;[SUCCESS];Client Document List;4422-WZ-DP-MM5167000001-01;B2;UPDATED
EDMS TCM Client TR Date: 24-Nov-2023
Previous: 12;08;2023 00:00:00
2024-01-13 00:53:45;[SUCCESS];Client Document List;4422-WZ-DP-MM5169000001-01;B2;UPDATED
EDMS TCM Client TR Date: 24-Nov-2023
Previous: 12;08;2023 00:00:00
2024-01-13 00:53:48;[SUCCESS];Client Document List;4422-WZ-DP-MM5172000001-01;00;UPDATED
EDMS TCM Client TR Date: 24-Nov-2023
Previous: 12;08;2023 00:00:00
2024-01-13 00:53:50;[SUCCESS];Client Document List;4422-WZ-DP-MM5172000002-01;00;UPDATED
EDMS TCM Client TR Date: 24-Nov-2023
Previous: 12;08;2023 00:00:00
2024-01-13 00:53:53;[SUCCESS];Client Document List;4422-WZ-DP-MM5172000003-01;00;UPDATED
EDMS TCM Client TR Date: 24-Nov-2023
Previous: 12;08;2023 00:00:00
2024-01-13 00:53:56;[SUCCESS];Client Document List;4422-WZ-DP-MM5172000004-01;B2;UPDATED
EDMS TCM Client TR Date: 24-Nov-2023
Previous: 12;08;2023 00:00:00
2024-01-13 00:53:59;[SUCCESS];Client Document List;4422-WZ-DP-MM5172000005-01;00;UPDATED
EDMS TCM Client TR Date: 24-Nov-2023
Previous: 12;08;2023 00:00:00
2024-01-13 00:54:01;[SUCCESS];Client Document List;4422-WZ-DP-MM5172000006-01;A1;UPDATED
EDMS TCM Client TR Date: 24-Nov-2023
Previous: 12;08;2023 00:00:00
2024-01-13 00:54:04;[SUCCESS];Client Document List;4422-WZ-DP-MM5172000007-01;B1;UPDATED
EDMS TCM Client TR Date: 8-Dec-2023
Previous: 12;22;2023 00:00:00
2024-01-13 00:54:07;[SUCCESS];Client Document List;4422-WZ-DP-MM5172000007-02;B1;UPDATED
EDMS TCM Client TR Date: 8-Dec-2023
Previous: 12;22;2023 00:00:00
2024-01-13 00:54:10;[SUCCESS];Client Document List;4422-WZ-DP-MM5172000007-03;B1;UPDATED
EDMS TCM Client TR Date: 8-Dec-2023
Previous: 12;22;2023 00:00:00
2024-01-13 00:54:13;[SUCCESS];Client Document List;4422-WZ-DP-MM5172000007-04;B1;UPDATED
EDMS TCM Client TR Date: 8-Dec-2023
Previous: 12;22;2023 00:00:00
2024-01-13 00:54:15;[SUCCESS];Client Document List;4422-WZ-DP-MM5174000001-01;B2;UPDATED
EDMS TCM Client TR Date: 24-Nov-2023
Previous: 12;08;2023 00:00:00
2024-01-13 00:54:18;[SUCCESS];Client Document List;4422-WZ-DP-MM5175000001-01;00;UPDATED
EDMS TCM Client TR Date: 24-Nov-2023
Previous: 12;08;2023 00:00:00
2024-01-13 00:54:21;[SUCCESS];Client Document List;4422-WZ-DP-MM5175000002-01;B1;UPDATED
EDMS TCM Client TR Date: 8-Dec-2023
Previous: 12;22;2023 00:00:00
2024-01-13 00:54:24;[SUCCESS];Client Document List;4422-WZ-DP-MM5175000002-02;B1;UPDATED
EDMS TCM Client TR Date: 8-Dec-2023
Previous: 12;22;2023 00:00:00
2024-01-13 00:54:26;[SUCCESS];Client Document List;4422-WZ-LP-MM5100000002;B3;UPDATED
EDMS TCM Client TR Date: 24-Nov-2023
Previous: 12;08;2023 00:00:00
2024-01-13 00:54:29;[SUCCESS];Client Document List;4422-WZ-SG-MM5100000002;B3;UPDATED
EDMS TCM Client TR Date: 8-Dec-2023
Previous: 12;22;2023 00:00:00
2024-01-13 00:54:32;[SUCCESS];Client Document List;4422-XH-DC-000000000020;A2;UPDATED
EDMS TCM Client TR Date: 3-Dec-2023
Previous: 12;17;2023 00:00:00
2024-01-13 00:54:34;[SUCCESS];Client Document List;4422-XH-LM-000000000001;E1;UPDATED
EDMS TCM Client TR Date: 3-Dec-2023
Previous: 12;17;2023 00:00:00
2024-01-13 00:54:37;[SUCCESS];Client Document List;4422-XH-LM-000000001001;E1;UPDATED
EDMS TCM Client TR Date: 3-Dec-2023
Previous: 12;17;2023 00:00:00
2024-01-13 00:54:40;[SUCCESS];Client Document List;4422-XH-LP-000000000003;A1;UPDATED
EDMS TCM Client TR Date: 3-Dec-2023
Previous: 12;17;2023 00:00:00
2024-01-13 00:54:42;[SUCCESS];Client Document List;4422-XH-MR-000000001000;A1;UPDATED
EDMS TCM Client TR Date: 2-Dec-2023
Previous: 12;16;2023 00:00:00
2024-01-13 00:54:45;[SUCCESS];Client Document List;4422-XH-MR-000000011000;A1;UPDATED
EDMS TCM Client TR Date: 2-Dec-2023
Previous: 12;16;2023 00:00:00
2024-01-13 00:54:48;[SUCCESS];Client Document List;4422-XH-MR-000000015000;A1;UPDATED
EDMS TCM Client TR Date: 2-Dec-2023
Previous: 12;16;2023 00:00:00
2024-01-13 00:54:51;[SUCCESS];Client Document List;4422-XH-MR-000000020000;A1;UPDATED
EDMS TCM Client TR Date: 2-Dec-2023
Previous: 12;16;2023 00:00:00
2024-01-13 00:54:54;[SUCCESS];Client Document List;4422-XH-MR-000000022000;A1;UPDATED
EDMS TCM Client TR Date: 2-Dec-2023
Previous: 12;16;2023 00:00:00
2024-01-13 00:54:57;[SUCCESS];Client Document List;4422-XH-MR-000000023000;A1;UPDATED
EDMS TCM Client TR Date: 2-Dec-2023
Previous: 12;16;2023 00:00:00
2024-01-13 00:55:00;[SUCCESS];Client Document List;4422-XH-MR-000000030000;A1;UPDATED
EDMS TCM Client TR Date: 2-Dec-2023
Previous: 12;16;2023 00:00:00
2024-01-13 00:55:02;[SUCCESS];Client Document List;4422-XH-MR-000000081000;A1;UPDATED
EDMS TCM Client TR Date: 2-Dec-2023
Previous: 12;16;2023 00:00:00
2024-01-13 00:55:05;[SUCCESS];Client Document List;4422-XH-MR-000000082000;A1;UPDATED
EDMS TCM Client TR Date: 2-Dec-2023
Previous: 12;16;2023 00:00:00
2024-01-13 00:55:08;[SUCCESS];Client Document List;4422-XH-MR-000000102000;A1;UPDATED
EDMS TCM Client TR Date: 2-Dec-2023
Previous: 12;16;2023 00:00:00
2024-01-13 00:55:11;[SUCCESS];Client Document List;4422-XH-MR-000000112000;A1;UPDATED
EDMS TCM Client TR Date: 2-Dec-2023
Previous: 12;16;2023 00:00:00
2024-01-13 00:55:14;[SUCCESS];Client Document List;4422-XH-MR-000000202000;A1;UPDATED
EDMS TCM Client TR Date: 2-Dec-2023
Previous: 12;16;2023 00:00:00
2024-01-13 00:55:16;[SUCCESS];Client Document List;4422-XH-MR-000000222000;A1;UPDATED
EDMS TCM Client TR Date: 2-Dec-2023
Previous: 12;16;2023 00:00:00
2024-01-13 00:55:19;[SUCCESS];Client Document List;4422-XH-MR-000000230000;A1;UPDATED
EDMS TCM Client TR Date: 2-Dec-2023
Previous: 12;16;2023 00:00:00
2024-01-13 00:55:22;[SUCCESS];Client Document List;4422-XH-MR-000000302000;A1;UPDATED
EDMS TCM Client TR Date: 2-Dec-2023
Previous: 12;16;2023 00:00:00
2024-01-13 00:55:25;[SUCCESS];Client Document List;4422-XH-SG-000000000001;B2;UPDATED
EDMS TCM Client TR Date: 24-Nov-2023
Previous: 12;08;2023 00:00:00
2024-01-13 00:55:28;[SUCCESS];Client Document List;4422-XH-SG-000000000002;B2;UPDATED
EDMS TCM Client TR Date: 1-Dec-2023
Previous: 12;19;2023 00:00:00
2024-01-13 00:55:31;[SUCCESS];Client Document List;4422-XH-SG-000000000004;B2;UPDATED
EDMS TCM Client TR Date: 23-Dec-2023
Previous: 01;08;2024 00:00:00
2024-01-13 00:55:34;[SUCCESS];Client Document List;4422-XH-SS-000000000001;B2;UPDATED
EDMS TCM Client TR Date: 3-Dec-2023
Previous: 12;17;2023 00:00:00
2024-01-13 00:55:37;[SUCCESS];Client Document List;4422-XH-SS-000000000002;B2;UPDATED
EDMS TCM Client TR Date: 24-Nov-2023
Previous: 12;08;2023 00:00:00
2024-01-13 00:55:40;[SUCCESS];Client Document List;4422-XH-SS-000000000004;B2;UPDATED
EDMS TCM Client TR Date: 24-Nov-2023
Previous: 12;08;2023 00:00:00
2024-01-13 00:55:42;[SUCCESS];Client Document List;4422-XH-SS-000000000005;B2;UPDATED
EDMS TCM Client TR Date: 23-Dec-2023
Previous: 01;08;2024 00:00:00
2024-01-13 00:55:42;[ERROR];Client Document List;4422-XH-ST-000000000001;A1;NOT FOUND
2024-01-13 00:55:45;[SUCCESS];Client Document List;4422-XH-ST-000000000002;A1;UPDATED
EDMS TCM Client TR Date: 2-Dec-2023
Previous: 12;16;2023 00:00:00
2024-01-13 00:55:48;[SUCCESS];Client Document List;4422-XH-SW-000000000001;00;UPDATED
EDMS TCM Client TR Date: 20-Dec-2023
Previous: 01;04;2024 00:00:00
2024-01-13 00:55:50;[SUCCESS];Client Document List;4422-XL-SG-000000000001;B3;UPDATED
EDMS TCM Client TR Date: 10-Dec-2023
Previous: 12;25;2023 00:00:00
2024-01-13 00:55:53;[SUCCESS];Client Document List;4422-XP-BE-000000000001;A1;UPDATED
EDMS TCM Client TR Date: 14-Dec-2023
Previous: 12;28;2023 00:00:00
2024-01-13 00:55:56;[SUCCESS];Client Document List;4422-XP-BE-000000000003;E1;UPDATED
EDMS TCM Client TR Date: 23-Dec-2023
Previous: 01;08;2024 00:00:00
2024-01-13 00:55:59;[SUCCESS];Client Document List;4422-XP-LM-100000000001;A1;UPDATED
EDMS TCM Client TR Date: 21-Dec-2023
Previous: 01;04;2024 00:00:00
2024-01-13 00:56:02;[SUCCESS];Client Document List;4422-XP-LM-206103000001;A1;UPDATED
EDMS TCM Client TR Date: 21-Dec-2023
Previous: 01;04;2024 00:00:00
2024-01-13 00:56:05;[SUCCESS];Client Document List;4422-XP-SL-100000000001;A1;UPDATED
EDMS TCM Client TR Date: 19-Dec-2023
Previous: 01;02;2024 00:00:00
2024-01-13 00:56:08;[SUCCESS];Client Document List;4422-XP-SR-000000000003;E1;UPDATED
EDMS TCM Client TR Date: 28-Dec-2023
Previous: 01;11;2024 00:00:00
2024-01-13 00:56:10;[SUCCESS];Client Document List;4422-XX-DG-000000000001;A2;UPDATED
EDMS TCM Client TR Date: 1-Dec-2023
Previous: 12;15;2023 00:00:00
2024-01-13 00:56:13;[SUCCESS];Client Document List;4422-XX-DG-000000200001;E1;UPDATED
EDMS TCM Client TR Date: 3-Jan-2024
Previous: 01;17;2024 00:00:00
2024-01-13 00:56:16;[SUCCESS];Client Document List;4422-XX-DG-007701100101;B1;UPDATED
EDMS TCM Client TR Date: 29-Dec-2023
Previous: 01;15;2024 00:00:00
2024-01-13 00:56:19;[SUCCESS];Client Document List;4422-XX-DG-007702405101;B1;UPDATED
EDMS TCM Client TR Date: 29-Dec-2023
Previous: 01;15;2024 00:00:00
2024-01-13 00:56:22;[SUCCESS];Client Document List;4422-XX-DG-007703100102;B1;UPDATED
EDMS TCM Client TR Date: 29-Dec-2023
Previous: 01;15;2024 00:00:00
2024-01-13 00:57:05;[SUCCESS];Client Document List;4422-XX-DG-007704405201;B1;UPDATED
EDMS TCM Client TR Date: 29-Dec-2023
Previous: 01;15;2024 00:00:00
2024-01-13 00:57:11;[SUCCESS];Client Document List;4422-XX-DG-103900100201;B3;UPDATED
EDMS TCM Client TR Date: 16-Dec-2023
Previous: 01;01;2024 00:00:00
2024-01-13 00:57:22;[SUCCESS];Client Document List;4422-XX-DG-109200100101;B3;UPDATED
EDMS TCM Client TR Date: 16-Dec-2023
Previous: 01;01;2024 00:00:00
2024-01-13 00:57:27;[SUCCESS];Client Document List;4422-XX-DG-109200100301;B3;UPDATED
EDMS TCM Client TR Date: 16-Dec-2023
Previous: 01;01;2024 00:00:00
2024-01-13 00:57:31;[SUCCESS];Client Document List;4422-XX-DG-109200100401;B3;UPDATED
EDMS TCM Client TR Date: 16-Dec-2023
Previous: 01;01;2024 00:00:00
2024-01-13 00:57:36;[SUCCESS];Client Document List;4422-XX-DG-109200100501;B3;UPDATED
EDMS TCM Client TR Date: 16-Dec-2023
Previous: 01;01;2024 00:00:00
2024-01-13 00:57:41;[SUCCESS];Client Document List;4422-XX-DG-109300100101;B3;UPDATED
EDMS TCM Client TR Date: 16-Dec-2023
Previous: 01;01;2024 00:00:00
2024-01-13 00:57:46;[SUCCESS];Client Document List;4422-XX-DG-109300101001;B3;UPDATED
EDMS TCM Client TR Date: 16-Dec-2023
Previous: 01;01;2024 00:00:00
2024-01-13 00:57:51;[SUCCESS];Client Document List;4422-XX-DG-206600101101;B3;UPDATED
EDMS TCM Client TR Date: 15-Dec-2023
Previous: 12;29;2023 00:00:00
2024-01-13 00:57:56;[SUCCESS];Client Document List;4422-XX-DG-206600102101;B3;UPDATED
EDMS TCM Client TR Date: 15-Dec-2023
Previous: 12;29;2023 00:00:00
2024-01-13 00:58:00;[SUCCESS];Client Document List;4422-XX-DG-207400100201;B3;UPDATED
EDMS TCM Client TR Date: 15-Dec-2023
Previous: 12;29;2023 00:00:00
2024-01-13 00:58:05;[SUCCESS];Client Document List;4422-XX-DG-302000101301;B3;UPDATED
EDMS TCM Client TR Date: 15-Dec-2023
Previous: 12;29;2023 00:00:00
2024-01-13 00:58:09;[SUCCESS];Client Document List;4422-XX-DG-302100101101;B3;UPDATED
EDMS TCM Client TR Date: 15-Dec-2023
Previous: 12;29;2023 00:00:00
2024-01-13 00:58:13;[SUCCESS];Client Document List;4422-XX-DG-303100101101;B3;UPDATED
EDMS TCM Client TR Date: 15-Dec-2023
Previous: 12;29;2023 00:00:00
2024-01-13 00:58:18;[SUCCESS];Client Document List;4422-XX-DG-303200102101;B3;UPDATED
EDMS TCM Client TR Date: 29-Dec-2023
Previous: 01;15;2024 00:00:00
2024-01-13 00:58:23;[SUCCESS];Client Document List;4422-XX-DG-304100101101;B3;UPDATED
EDMS TCM Client TR Date: 15-Dec-2023
Previous: 12;29;2023 00:00:00
2024-01-13 00:58:27;[SUCCESS];Client Document List;4422-XX-DG-305100101101;B3;UPDATED
EDMS TCM Client TR Date: 15-Dec-2023
Previous: 12;29;2023 00:00:00
2024-01-13 00:58:32;[SUCCESS];Client Document List;4422-XX-DG-305100101102;B3;UPDATED
EDMS TCM Client TR Date: 15-Dec-2023
Previous: 12;29;2023 00:00:00
2024-01-13 00:58:36;[SUCCESS];Client Document List;4422-XX-DG-305200101101;B3;UPDATED
EDMS TCM Client TR Date: 29-Dec-2023
Previous: 01;15;2024 00:00:00
2024-01-13 00:58:41;[SUCCESS];Client Document List;4422-XX-DG-305200101102;B3;UPDATED
EDMS TCM Client TR Date: 29-Dec-2023
Previous: 01;15;2024 00:00:00
2024-01-13 00:58:47;[SUCCESS];Client Document List;4422-XX-DG-305300101101;B3;UPDATED
EDMS TCM Client TR Date: 29-Dec-2023
Previous: 01;15;2024 00:00:00
2024-01-13 00:58:51;[SUCCESS];Client Document List;4422-XX-DG-305300101102;B3;UPDATED
EDMS TCM Client TR Date: 29-Dec-2023
Previous: 01;15;2024 00:00:00
2024-01-13 00:58:56;[SUCCESS];Client Document List;4422-XZ-SG-000000000002;B1;UPDATED
EDMS TCM Client TR Date: 24-Nov-2023
Previous: 12;08;2023 00:00:00
2024-01-13 00:59:01;[SUCCESS];Client Document List;4422-XZ-SG-000000000004;00;UPDATED
EDMS TCM Client TR Date: 14-Dec-2023
Previous: 12;28;2023 00:00:00
2024-01-13 00:59:05;[SUCCESS];Client Document List;4422-XZ-SG-000000000005;B2;UPDATED
EDMS TCM Client TR Date: 24-Nov-2023
Previous: 12;08;2023 00:00:00
2024-01-13 00:59:10;[SUCCESS];Client Document List;4422-XZ-SG-000000000006;01;UPDATED
EDMS TCM Client TR Date: 24-Nov-2023
Previous: 12;08;2023 00:00:00
2024-01-13 00:59:15;[SUCCESS];Client Document List;4422-XZ-SR-000000000001;E1;UPDATED
EDMS TCM Client TR Date: 20-Dec-2023
Previous: 01;03;2024 00:00:00
2024-01-13 00:59:20;[SUCCESS];Client Document List;4422-XZ-WR-000000000117;E1;UPDATED
EDMS TCM Client TR Date: 23-Dec-2023
Previous: 01;08;2024 00:00:00
2024-01-13 00:59:25;[SUCCESS];Client Document List;4422-YZ-LE-000000000001;A1;UPDATED
EDMS TCM Client TR Date: 14-Dec-2023
Previous: 12;28;2023 00:00:00
2024-01-13 00:59:29;[SUCCESS];Client Document List;4422-YZ-PC-000000000002;B2;UPDATED
EDMS TCM Client TR Date: 5-Dec-2023
Previous: 12;19;2023 00:00:00
2024-01-13 00:59:35;[SUCCESS];Client Document List;4422-YZ-PC-000000000003;B1;UPDATED
EDMS TCM Client TR Date: 13-Dec-2023
Previous: 12;27;2023 00:00:00
2024-01-13 00:59:40;[SUCCESS];Client Document List;4422-YZ-PC-000000000004;B1;UPDATED
EDMS TCM Client TR Date: 9-Dec-2023
Previous: 12;25;2023 00:00:00
2024-01-13 00:59:44;[SUCCESS];Client Document List;4422-YZ-PC-000000000005;B2;UPDATED
EDMS TCM Client TR Date: 6-Dec-2023
Previous: 12;20;2023 00:00:00
2024-01-13 00:59:49;[SUCCESS];Client Document List;4422-YZ-PC-000000001111;B1;UPDATED
EDMS TCM Client TR Date: 24-Nov-2023
Previous: 12;08;2023 00:00:00
2024-01-13 00:59:53;[SUCCESS];Client Document List;4422-YZ-RT-000000000001;01;UPDATED
EDMS TCM Client TR Date: 28-Dec-2023
Previous: 01;12;2024 00:00:00
2024-01-13 00:59:58;[SUCCESS];Client Document List;4422-YZ-SG-000000000001;B3;UPDATED
EDMS TCM Client TR Date: 29-Dec-2023
Previous: 01;15;2023 00:00:00
2024-01-13 01:00:02;[SUCCESS];Client Document List;4422-ZZ-BP-000000000001;E1;UPDATED
EDMS TCM Client TR Date: 15-Dec-2023
Previous: 12;29;2023 00:00:00
2024-01-13 01:00:07;[SUCCESS];Client Document List;4422-ZZ-BP-000000000002;E1;UPDATED
EDMS TCM Client TR Date: 2-Jan-2024
Previous: 01;01;2024 23:00:00
2024-01-13 01:00:12;[SUCCESS];Client Document List;4422-ZZ-PC-000000000001;A1;UPDATED
EDMS TCM Client TR Date: 3-Jan-2024
Previous: 01;02;2024 23:00:00
2024-01-13 01:00:17;[SUCCESS];Client Document List;4422-ZZ-PC-000000000003;A1;UPDATED
EDMS TCM Client TR Date: 3-Jan-2024
Previous: 01;02;2024 23:00:00
2024-01-13 01:00:22;[SUCCESS];Client Document List;4422-ZZ-PC-000000000005;E1;UPDATED
EDMS TCM Client TR Date: 15-Dec-2023
Previous: 12;29;2023 00:00:00
2024-01-13 01:00:27;[SUCCESS];Client Document List;4422-ZZ-PC-000000000006;B1;UPDATED
EDMS TCM Client TR Date: 29-Dec-2023
Previous: 12;28;2023 23:00:00
2024-01-13 01:00:32;[SUCCESS];Client Document List;4422-ZZ-PL-000000000001;A1;UPDATED
EDMS TCM Client TR Date: 29-Dec-2023
Previous: 12;28;2023 23:00:00
2024-01-13 01:00:36;[SUCCESS];Client Document List;4422-ZZ-PL-000000000002;A1;UPDATED
EDMS TCM Client TR Date: 15-Dec-2023
Previous: 12;29;2023 00:00:00
